German Word,English Meaning,German Example Sentence,English Translation
der Arbeitgeber / die Arbeitgeberin,employer,"Ein guter Arbeitgeber fördert die Weiterbildung seiner Angestellten.","A good employer encourages the further training of his employees."
der Architekt / die Architektin,architect,"Die Architektin hat den Plan für das neue Bürogebäude entworfen.","The architect designed the plan for the new office building."
der Automechaniker / die Automechanikerin,car mechanic,"Der Automechaniker reparierte die Bremsen meines Wagens.","The car mechanic repaired my car's brakes."
der Autoproduzent,car manufacturer,"Deutschland ist bekannt für seine großen Autoproduzenten.","Germany is known for its large car manufacturers."
die Beratung,consultation,"Die Beratung durch die Agentur für Arbeit war sehr hilfreich.","The consultation by the employment agency was very helpful."
die Betreuung,care / support,"Die Betreuung der Kunden steht bei uns an erster Stelle.","Customer care is our top priority."
die Branche,industry / sector,"In welcher Branche möchten Sie später arbeiten?","In which industry would you like to work later?"
der Betrieb,business / company,"Der Betrieb hat über 50 Mitarbeiter.","The business has over 50 employees."
der Familienbetrieb,family business,"Sie führt den Familienbetrieb bereits in der dritten Generation.","She is managing the family business in the third generation already."
die Hilfsorganisation,aid agency,"Er arbeitet ehrenamtlich für eine internationale Hilfsorganisation.","He works voluntarily for an international aid agency."
das internationale Unternehmen,international company,"Ein internationales Unternehmen bietet oft Möglichkeiten im Ausland zu arbeiten.","An international company often offers opportunities to work abroad."
die Lebensmittelbranche,food industry,"Die Lebensmittelbranche muss strenge Hygienevorschriften beachten.","The food industry must observe strict hygiene regulations."
der Malerbetrieb,painting and decorating company,"Wir haben einen Malerbetrieb beauftragt, die Fassade zu streichen.","We hired a painting company to paint the facade."
der soziale Bereich,social field,"Berufe im sozialen Bereich erfordern viel Empathie.","Professions in the social field require a lot of empathy."
beschäftigen,to employ,"Die Firma beschäftigt momentan 200 Angestellte.","The company currently employs 200 staff members."
produzieren,to produce,"Wir produzieren Ersatzteile für die Automobilindustrie.","We produce spare parts for the automotive industry."
geistig,intellectual / mental,"Der Job ist körperlich leicht, aber geistig sehr anstrengend.","The job is physically easy but mentally very demanding."
handwerklich,technical / manual / craft-related,"Für diesen Beruf brauchen Sie handwerkliches Geschick.","You need manual skills for this profession."
sozial,social,"Er engagiert sich sehr für soziale Projekte in der Stadt.","He is very committed to social projects in the city."
die Grundschule,primary school,"In Deutschland besuchen Kinder vier Jahre lang die Grundschule.","In Germany, children attend primary school for four years."
die weiterführende Schule,secondary school,"Nach der Grundschule wechseln die Schüler auf eine weiterführende Schule.","After primary school, students move to a secondary school."
die Hauptschule,general secondary school,"Der Abschluss der Hauptschule ermöglicht eine Berufsausbildung.","The general secondary school certificate enables vocational training."
die Mittelschule,secondary school,"Die Mittelschule bietet verschiedene Bildungswege an.","The middle school offers various educational paths."
die Realschule,secondary school (intermediate),"Mit einem Abschluss der Realschule kann man viele kaufmännische Berufe lernen.","With a Realschule certificate, one can learn many commercial professions."
die Gesamtschule,comprehensive school,"Auf der Gesamtschule lernen Kinder mit unterschiedlichen Begabungen gemeinsam.","Children with different talents learn together at the comprehensive school."
das Gymnasium,grammar school,"Das Gymnasium bereitet die Schüler auf das Universitätsstudium vor.","The grammar school prepares students for university studies."
der Haupt-/Realschulabschluss,general/lower secondary school-leaving certificate,"Für diese Ausbildung reicht ein guter Hauptschulabschluss.","A good general school-leaving certificate is sufficient for this training."
das Abitur,school-leaving exam for university admission,"Nach dem Abitur möchte sie Medizin studieren.","After the Abitur, she wants to study medicine."
die Mittlere Reife,secondary school-leaving certificate,"Die Mittlere Reife ist Voraussetzung für viele Ausbildungsberufe.","The secondary school-leaving certificate is a requirement for many training professions."
die Berufsausbildung,vocational training,"Eine duale Berufsausbildung dauert meist drei Jahre.","Dual vocational training usually lasts three years."
der Berufsabschluss,vocational qualification,"Ein anerkannter Berufsabschluss verbessert die Gehaltschancen.","A recognised vocational qualification improves salary prospects."
der Bachelor,bachelor’s degree,"Er hat seinen Bachelor in Ingenieurwesen gemacht.","He completed his bachelor's degree in engineering."
der Master,master’s degree,"Für diese Führungsposition wird ein Master erwartet.","A master's degree is expected for this management position."
das Zertifikat,certificate,"Sie erhielt ein Zertifikat für ihre Teilnahme am Sprachkurs.","She received a certificate for her participation in the language course."
mehr als,more than,"Mehr als die Hälfte der Befragten ist zufrieden.","More than half of the respondents are satisfied."
weniger als,less/fewer than,"Weniger als zehn Prozent der Bewerber wurden eingeladen.","Fewer than ten percent of the applicants were invited."
(fast) alle,(almost) all,"Fast alle Mitarbeiter kamen zur Weihnachtsfeier.","Almost all employees came to the Christmas party."
die Hälfte,half,"Die Hälfte der Arbeit ist schon erledigt.","Half of the work is already done."
ein Viertel,one quarter,"Ein Viertel der Studenten wohnt noch bei den Eltern.","One quarter of the students still live with their parents."
ein Drittel,one third,"Ein Drittel des Budgets wurde für Marketing ausgegeben.","One third of the budget was spent on marketing."
jeder Zehnte,one in ten,"Jeder Zehnte arbeitet heutzutage im Homeoffice.","One in ten works from home nowadays."
der/die Ansprechpartner/-in,contact person,"Herr Müller ist Ihr Ansprechpartner für alle technischen Fragen.","Mr. Müller is your contact person for all technical questions."
die Beratungsstelle,advice centre,"Die Beratungsstelle hilft Jugendlichen bei der Berufswahl.","The advice centre helps young people with their career choice."
das Berufspraktikum,internship,"Während des Studiums muss ich ein sechsmonatiges Berufspraktikum machen.","During my studies, I have to do a six-month internship."
die duale Ausbildung,dual training,"Die duale Ausbildung verbindet Theorie in der Schule mit Praxis im Betrieb.","Dual training combines theory at school with practice in the company."
die Fachschule,technical college,"An der Fachschule kann man sich zum Techniker weiterbilden.","You can train to become a technician at the technical college."
die Fortbildung,continuing education,"Unsere Firma bietet regelmäßige Fortbildungen an.","Our company offers regular continuing education."
die Meisterprüfung,master craftsman’s examination,"Er hat gestern seine Meisterprüfung erfolgreich bestanden.","He successfully passed his master craftsman's examination yesterday."
der Schichtdienst,shift work,"Im Krankenhaus ist Schichtdienst völlig normal.","Shift work is normal in a hospital."
die staatliche Ausbildung,state-funded training,"Erzieher machen oft eine rein schulische, staatliche Ausbildung.","Educators often undergo purely school-based, state-funded training."
die Weiterbildung,further training course,"Eine Weiterbildung verbessert Ihre Chancen auf dem Arbeitsmarkt.","Further training improves your chances on the job market."
der Wunschberuf,profession of choice,"Tierarzt war schon immer mein Wunschberuf.","Veterinarian has always been my profession of choice."
die Zugangsvoraussetzungen,admission requirements,"Bitte prüfen Sie, ob Sie alle Zugangsvoraussetzungen erfüllen.","Please check if you meet all admission requirements."
einen Beruf ausüben,to practise a profession,"Sie übt ihren Beruf als Anwältin seit zehn Jahren aus.","She has been practising her profession as a lawyer for ten years."
anerkennen lassen,to have recognised,"Migranten müssen oft ihren Berufsabschluss anerkennen lassen.","Migrants often have to have their vocational qualification recognised."
finanzielle Unterstützung beantragen,to apply for financial support,"Studierende können finanzielle Unterstützung vom Staat beantragen.","Students can apply for financial support from the state."
jobben,to work on the side,"Viele Studenten jobben in Cafés oder Bars.","Many students work on the side in cafes or bars."
Pflicht sein,to be mandatory,"Der Sicherheitskurs ist für alle neuen Mitarbeiter Pflicht.","The safety course is mandatory for all new employees."
in der Verwaltung arbeiten,to work in administration,"Er arbeitet in der Verwaltung der Universität.","He works in the administration of the university."
sich selbstständig machen,to become self-employed,"Nach der Ausbildung möchte er sich selbstständig machen.","After the training, he wants to become self-employed."
zuständig sein,to be responsible,"Frau Klein ist für die Buchhaltung zuständig.","Ms. Klein is responsible for the bookkeeping."
die Schwäche,weakness,"Ungeduld ist manchmal meine größte Schwäche.","Impatience is sometimes my greatest weakness."
die Stärke,strength,"Zu meinen Stärken gehört meine Teamfähigkeit.","My ability to work in a team is one of my strengths."
belastbar,resilient,"In stressigen Situationen müssen Sie sehr belastbar sein.","In stressful situations, you must be very resilient."
eigeninitiativ,on one's own initiative,"Wir suchen Mitarbeiter, die eigeninitiativ Probleme lösen.","We are looking for employees who solve problems on their own initiative."
flexibel,flexible,"Sie müssen flexibel sein, was die Arbeitszeiten angeht.","You must be flexible regarding working hours."
hilfsbereit,helpful,"Die Kollegen waren am ersten Tag sehr hilfsbereit.","The colleagues were very helpful on the first day."
kreativ,creative,"Für das Marketing brauchen wir kreative Köpfe.","We need creative minds for marketing."
lernbereit,ready to learn,"Er ist sehr motiviert und lernbereit.","He is very motivated and ready to learn."
(un-)organisiert,(dis)organised,"Ein unorganisierter Arbeitsplatz kostet Zeit.","A disorganized workplace wastes time."
selbstbewusst,self-assured,"Sie trat im Vorstellungsgespräch sehr selbstbewusst auf.","She appeared very self-assured in the interview."
teamfähig,capable of teamwork,"Sind Sie teamfähig oder arbeiten Sie lieber allein?","Are you capable of teamwork or do you prefer working alone?"
tolerant,tolerant,"In einem internationalen Team muss man tolerant sein.","In an international team, one must be tolerant."
verantwortungsbewusst,responsible,"Er geht sehr verantwortungsbewusst mit den Firmendaten um.","He handles company data very responsibly."
die Anerkennung (Dokument),recognition,"Die offizielle Anerkennung seines Diploms dauerte drei Monate.","The official recognition of his diploma took three months."
der Antrag,application,"Haben Sie den Antrag auf Urlaub schon ausgefüllt?","Have you filled out the application for leave yet?"
der Lebenslauf,curriculum vitae,"Der Lebenslauf sollte lückenlos sein.","The curriculum vitae should be without gaps."
die Unterlagen,documents,"Bitte senden Sie uns Ihre vollständigen Unterlagen per E-Mail.","Please send us your complete documents via email."
das Zeugnis,report / reference,"Das Arbeitszeugnis war sehr positiv.","The job reference was very positive."
die Zulassung,admission,"Die Zulassung zum Studium kam letzte Woche per Post.","The admission to the university program arrived by mail last week."
German Word,English Meaning,German Example Sentence,English Translation
der Arbeitsablauf,workflow,"Wir müssen den Arbeitsablauf in der Produktion optimieren.","We need to optimize the workflow in production."
das Berufsfeld,professional field,"In welchem Berufsfeld möchten Sie zukünftig arbeiten?","In which professional field would you like to work in the future?"
das Fachdeutsch,technical German,"Der Kurs vermittelt Fachdeutsch für Pflegekräfte.","The course teaches technical German for nursing staff."
Fachleute / Fachkräfte (Pl.),professionals,"Wir suchen dringend Fachkräfte für die IT-Abteilung.","We are urgently looking for professionals for the IT department."
der Fachwortschatz,specialist vocabulary,"Der Fachwortschatz in der Medizin ist sehr umfangreich.","The specialist vocabulary in medicine is very extensive."
der Handwerker / die Handwerkerin,craftsman / craftswoman,"Der Handwerker hat das Dach schnell repariert.","The craftsman repaired the roof quickly."
der MINT-Beruf,STEM profession,"Frauen werden verstärkt für MINT-Berufe geworben.","Women are increasingly being recruited for STEM professions."
die Teilzeit,part-time,"Sie arbeitet momentan in Teilzeit, möchte aber aufstocken.","She is currently working part-time but wants to increase her hours."
die Vollzeit,full time,"Eine Vollzeitstelle umfasst in der Regel 40 Stunden pro Woche.","A full-time position usually comprises 40 hours per week."
der gefragte Beruf,sought-after profession,"Altenpfleger ist ein sehr gefragter Beruf in Deutschland.","Geriatric nurse is a very sought-after profession in Germany."
der Umgang mit Kunden,dealing with customers,"Freundlicher Umgang mit Kunden ist für uns selbstverständlich.","Friendly dealing with customers is a matter of course for us."
die Berechtigung,authorisation / eligibility,"Haben Sie die Berechtigung, diesen Stapler zu fahren?","Do you have the authorisation to drive this forklift?"
die Förderung,funding / promotion,"Die Förderung für die Fortbildung wurde bewilligt.","The funding for the further training was approved."
der Lehrgang,course,"Der Lehrgang dauert insgesamt sechs Wochen.","The course lasts six weeks in total."
der Nachweis,proof,"Bitte bringen Sie einen Nachweis über Ihre Deutschkenntnisse mit.","Please bring proof of your German language skills."
die Vorkenntnisse (Pl.),prior knowledge,"Für diesen Kurs sind keine Vorkenntnisse nötig.","No prior knowledge is required for this course."
der Vermittler / die Vermittlerin,agent / intermediary,"Der Vermittler half uns, eine passende Wohnung zu finden.","The agent helped us find a suitable apartment."
die Meisterprüfung machen,to take the master craftsman's examination,"Er will nächstes Jahr seine Meisterprüfung machen.","He wants to take his master craftsman's examination next year."
persönlich vorbeikommen,to come by in person,"Könnten Sie bitte morgen persönlich vorbeikommen, um den Vertrag zu unterschreiben?","Could you please come by in person tomorrow to sign the contract?"
sich beruflich neu orientieren,to set out in a new professional direction,"Nach zehn Jahren im Verkauf möchte sie sich beruflich neu orientieren.","After ten years in sales, she wants to set out in a new professional direction."
die beglaubigte Kopie,certified copy,"Sie müssen eine beglaubigte Kopie Ihres Zeugnisses einreichen.","You must submit a certified copy of your certificate."
die beglaubigte Übersetzung,certified translation,"Ausländische Urkunden benötigen oft eine beglaubigte Übersetzung.","Foreign certificates often require a certified translation."
die berufliche Anerkennung beantragen,to apply for professional recognition,"Er hat die berufliche Anerkennung seines Diploms beantragt.","He has applied for professional recognition of his diploma."
die Qualifikation,qualification,"Welche Qualifikation bringen Sie für diese Stelle mit?","What qualification do you bring for this position?"
das Übersetzungsbüro,translation agency,"Wir haben ein Übersetzungsbüro mit den Dokumenten beauftragt.","We commissioned a translation agency with the documents."
der Einzelunternehmer,sole proprietor,"Als Einzelunternehmer trägt er das volle Risiko.","As a sole proprietor, he bears the full risk."
der Geschäftspartner,business partner,"Mein Geschäftspartner kümmert sich um die Finanzen.","My business partner takes care of the finances."
gut/schlecht anlaufen,to start well/badly,"Das neue Projekt ist sehr gut angelaufen.","The new project started very well."
die freiberufliche Tätigkeit,freelance work,"Er meldete seine freiberufliche Tätigkeit beim Finanzamt an.","He registered his freelance work with the tax office."
ein Unternehmen gründen,to start a company,"Sie wollen gemeinsam ein Unternehmen gründen.","They want to start a company together."
die Berufserfahrung,professional experience,"Viel Berufserfahrung ist für diese Position von Vorteil.","A lot of professional experience is an advantage for this position."
das Bewerbungstraining,application training,"Das Jobcenter bietet ein kostenloses Bewerbungstraining an.","The job center offers free application training."
die Spezialisierung,specialisation,"Seine Spezialisierung auf Steuerrecht macht ihn sehr gefragt.","His specialisation in tax law makes him very sought-after."
das Stellengesuch,advertisement seeking employment,"Er gab ein Stellengesuch in der lokalen Zeitung auf.","He placed an advertisement seeking employment in the local newspaper."
die Anforderung,requirement,"Die Anforderungen an Bewerber sind in den letzten Jahren gestiegen.","The requirements for applicants have increased in recent years."
der Arbeitssuchende / die Arbeitssuchende,job seeker,"Die Messe bietet Arbeitssuchenden gute Kontaktmöglichkeiten.","The fair offers job seekers good networking opportunities."
das mittelständische Unternehmen,medium-sized company,"Er arbeitet lieber in einem mittelständischen Unternehmen als in einem Konzern.","He prefers working in a medium-sized company rather than a corporation."
nach dem aktuellen Stand fragen,to ask about the current progress,"Ich wollte nach dem aktuellen Stand meiner Bewerbung fragen.","I wanted to ask about the current progress of my application."
sich an jmdn. wenden,to contact someone,"Bei Fragen können Sie sich jederzeit an mich wenden.","If you have questions, you can contact me at any time."
sich auf eine Anzeige beziehen,to refer to an ad,"Ich beziehe mich auf Ihre Anzeige im Internet.","I am referring to your ad on the internet."
sich um eine Stelle bewerben,to apply for a job,"Sie hat sich um eine Stelle als Abteilungsleiterin beworben.","She applied for a job as a department head."
das Ehrenamt,volunteer work,"Ein Ehrenamt macht sich gut im Lebenslauf.","Volunteer work looks good on a CV."
die Schulbildung,school education,"Bitte geben Sie Details zu Ihrer Schulbildung an.","Please provide details about your school education."
die besonderen Kenntnisse (Pl.),special knowledge,"Haben Sie besondere Kenntnisse, wie zum Beispiel EDV-Erfahrung?","Do you have special knowledge, such as IT experience?"
die berufliche Station,career stage,"Seine letzte berufliche Station war in London.","His last career stage was in London."
die persönlichen Daten (Pl.),personal information,"Die persönlichen Daten stehen meist am Anfang des Lebenslaufs.","Personal information usually appears at the beginning of the CV."
verhandlungssicher,business fluent,"Für diesen Job benötigen Sie verhandlungssicheres Englisch.","For this job, you need business fluent English."
die ausgeschriebene Stelle,advertised position,"Die ausgeschriebene Stelle passt genau zu meinem Profil.","The advertised position fits my profile exactly."
ein Bewerbungsschreiben verfassen,to write a letter of application,"Es ist nicht einfach, ein gutes Bewerbungsschreiben zu verfassen.","It is not easy to write a good letter of application."
zur Verfügung stehen,to be available / on hand,"Für ein Gespräch stehe ich Ihnen gerne zur Verfügung.","I am happily available for an interview."
den Interessen entsprechen,to match the interests,"Die Aufgaben entsprechen genau meinen Interessen.","The tasks match my interests exactly."
die Gehaltsvorstellung,salary expectation,"Bitte nennen Sie uns Ihre Gehaltsvorstellung im Anschreiben.","Please state your salary expectation in the cover letter."
die Herausforderung,challenge,"Ich suche eine neue berufliche Herausforderung.","I am looking for a new professional challenge."
einen guten Eindruck machen,to make a good impression,"Kleiden Sie sich ordentlich, um einen guten Eindruck zu machen.","Dress neatly to make a good impression."
eine schwierige Situation meistern,to master a difficult situation,"Sie hat die schwierige Situation souverän gemeistert.","She mastered the difficult situation confidently."
sich erkundigen,to enquire,"Ich möchte mich nach den Arbeitszeiten erkundigen.","I would like to enquire about the working hours."
sich für einen Bewerber entscheiden,to decide on an applicant,"Wir haben uns für einen anderen Bewerber entschieden.","We decided on another applicant."
eine Stelle antreten,to take up a position,"Wann können Sie die Stelle antreten?","When can you take up the position?"
das Arbeitsverhältnis,employment relationship,"Das Arbeitsverhältnis ist unbefristet.","The employment relationship is permanent."
das Betriebsgeheimnis,trade secret,"Sie darf keine Betriebsgeheimnisse verraten.","She is not allowed to reveal trade secrets."
das Gehalt,salary,"Das Gehalt wird am Monatsende überwiesen.","The salary is transferred at the end of the month."
die Krankmeldung,sick note,"Die Krankmeldung muss am ersten Tag vorliegen.","The sick note must be submitted on the first day."
die Kündigungsfrist,period of notice,"Die Kündigungsfrist beträgt drei Monate zum Monatsende.","The period of notice is three months to the end of the month."
die Lohnfortzahlung,sick pay,"Im Krankheitsfall erhalten Sie sechs Wochen Lohnfortzahlung.","In case of illness, you receive sick pay for six weeks."
die Probezeit,probationary period,"Die Probezeit dauert in der Regel sechs Monate.","The probationary period usually lasts six months."
die Überstunde,hour of overtime,"Jede Überstunde wird entweder bezahlt oder durch Freizeit ausgeglichen.","Every hour of overtime is either paid or compensated with time off."
der Verdienst,earnings,"Der Verdienst in dieser Branche ist überdurchschnittlich.","The earnings in this industry are above average."
die Vergütung,remuneration,"Die Vergütung für das Praktikum ist angemessen.","The remuneration for the internship is appropriate."
die Verschwiegenheitspflicht,duty of confidentiality,"Im Vertrag steht eine Klausel zur Verschwiegenheitspflicht.","There is a clause regarding the duty of confidentiality in the contract."
die Anweisung,instruction,"Er hat die Anweisung nicht richtig verstanden.","He didn't understand the instruction correctly."
die Gefahrenstelle,danger point,"Die Baustelle wurde als Gefahrenstelle markiert.","The construction site was marked as a danger point."
das Schild,sign,"Das Schild warnt vor Rutschgefahr.","The sign warns of a slipping hazard."
der Verbesserungsvorschlag,suggestion for improvement,"Wir sind offen für jeden Verbesserungsvorschlag der Mitarbeiter.","We are open to any suggestion for improvement from the employees."
das Zeichen,sign / signal,"Er gab mir ein Zeichen, dass ich anfangen kann.","He gave me a sign that I could start."
die Alarmanlage einschalten,to activate the alarm system,"Vergessen Sie nicht, abends die Alarmanlage einzuschalten.","Don't forget to activate the alarm system in the evening."
die ätzende Säure,corrosive acid,"Tragen Sie Handschuhe beim Umgang mit ätzender Säure.","Wear gloves when handling corrosive acid."
das Berichtsheft führen,to keep the record book,"Auszubildende müssen regelmäßig ihr Berichtsheft führen.","Apprentices must regularly keep their record book."
das brennende Material,burning material,"Löschen Sie brennendes Material sofort.","Extinguish burning material immediately."
auslegen (Dokument),to display / lay out,"Wir werden die Sicherheitsvorschriften im Flur auslegen.","We will display the safety regulations in the hallway."
die elektrische Spannung,voltage,"Vorsicht, hier herrscht hohe elektrische Spannung.","Caution, there is high voltage here."
das explosive Material,explosive material,"Explosives Material muss sicher gelagert werden.","Explosive material must be stored securely."
das giftige Material,toxic material,"Dieser Behälter enthält giftiges Material.","This container contains toxic material."
auf Hygiene achten,to pay attention to hygiene,"In der Küche müssen wir streng auf Hygiene achten.","In the kitchen, we must strictly pay attention to hygiene."
zur Kasse begleiten,to accompany to the checkout,"Könnten Sie den Kunden bitte zur Kasse begleiten?","Could you please accompany the customer to the checkout?"
keine Zeit verlieren,to lose no time,"Wir dürfen keine Zeit verlieren, die Frist endet bald.","We must lose no time; the deadline ends soon."
Papiere dabeihaben,to have papers with you,"Haben Sie alle notwendigen Papiere dabei?","Do you have all the necessary papers with you?"
Quittungen aufheben,to keep receipts,"Sie sollten die Quittungen für die Reisekostenabrechnung aufheben.","You should keep the receipts for the travel expense report."
Bescheid geben,to inform,"Bitte geben Sie mir Bescheid, wenn Sie fertig sind.","Please inform me when you are finished."
absagen (Termin),to cancel,"Ich muss den Termin leider kurzfristig absagen.","Unfortunately, I have to cancel the appointment at short notice."
verlegen (Termin),to re-schedule,"Können wir das Meeting auf morgen verlegen?","Can we re-schedule the meeting to tomorrow?"
übernehmen (Termin),to attend / take over,"Kannst du den Termin für mich übernehmen?","Can you take over the appointment for me?"
berechnen (Überstunden),to calculate,"Wie werden die Überstunden berechnet?","How is the overtime calculated?"
der Krankenschein,health insurance certificate / sick slip,"Bitte schicken Sie den Krankenschein an die Personalabteilung.","Please send the health insurance certificate to the HR department."
die Krankmeldung,sick note,"Ohne Krankmeldung bekommen Sie kein Geld.","Without a sick note, you won't get any money."
der Schwindel,dizziness,"Er klagte über starken Schwindel am Morgen.","He complained about severe dizziness in the morning."
der Stromschlag,electric shock,"Er bekam einen leichten Stromschlag am kaputten Kabel.","He got a mild electric shock from the broken cable."
die Übelkeit,nausea,"Bei Übelkeit sollten Sie an die frische Luft gehen.","If you feel nausea, you should go out into the fresh air."
einen Arzt rufen,to call a doctor,"Wir mussten sofort einen Arzt rufen.","We had to call a doctor immediately."
gesundheitliche Probleme haben,to have health problems,"Wenn Sie gesundheitliche Probleme haben, melden Sie sich bitte.","If you have health problems, please report them."
die Haut kühlen,to cool the skin,"Nach der Verbrennung müssen Sie die Haut kühlen.","After the burn, you must cool the skin."
den Rettungsdienst anrufen,to call an ambulance,"Zögern Sie nicht, den Rettungsdienst anzurufen.","Do not hesitate to call an ambulance."
sich krankmelden,to call in sick,"Er musste sich heute Morgen krankmelden.","He had to call in sick this morning."
die Stromquelle abschalten,to turn off the power source,"Vor der Reparatur unbedingt die Stromquelle abschalten.","Turn off the power source before repairing."
die Vertretung organisieren,to organise a stand-in,"Wer organisiert die Vertretung, wenn du im Urlaub bist?","Who organises the stand-in when you are on vacation?"
den Unfallbericht schreiben,to write the accident report,"Der Sicherheitsbeauftragte muss den Unfallbericht schreiben.","The safety officer must write the accident report."
die antibakterielle Seife,antibacterial soap,"Benutzen Sie bitte die antibakterielle Seife im Spender.","Please use the antibacterial soap in the dispenser."
die Ordnung,tidiness / order,"Ordnung am Arbeitsplatz ist sehr wichtig.","Tidiness at the workplace is very important."
der Putzlappen,cleaning rag,"Der Putzlappen liegt im Eimer unter der Spüle.","The cleaning rag is in the bucket under the sink."
der Staubsauger,vacuum cleaner,"Der Staubsauger ist leider kaputt.","The vacuum cleaner is unfortunately broken."
das Waschbecken,washbasin,"Das Waschbecken muss gereinigt werden.","The washbasin needs to be cleaned."
German Word,English Meaning,German Example Sentence,English Translation
der Mengenrabatt,bulk discount,"Bei einer Abnahme von über 100 Stück gewähren wir Mengenrabatt.","We grant a bulk discount for purchases of over 100 pieces."
die Preisangabe,quotation / price indication,"Alle Preisangaben sind ohne Gewähr.","All price indications are subject to change."
der Preisnachlass,price reduction,"Wegen des kleinen Fehlers gab er mir einen Preisnachlass.","Because of the small defect, he gave me a price reduction."
eine Bestellung aufgeben,to place an order,"Ich möchte gerne eine Bestellung aufgeben.","I would like to place an order."
eine Bestellung durchgeben,to transmit an order,"Können Sie die Bestellung bitte telefonisch durchgeben?","Can you please transmit the order by phone?"
die Buchung bestätigen,to confirm the booking,"Wir haben Ihre Buchung hiermit bestätigt.","We have hereby confirmed your booking."
einen Liefertermin abklären,to clarify a delivery date,"Ich muss erst den Liefertermin mit der Spedition abklären.","I first have to clarify the delivery date with the shipping company."
eine offene Frage klären,to clarify an open question,"Lassen Sie uns noch diese eine offene Frage klären.","Let us clarify this one open question."
der vereinbarte Termin,agreed date,"Bitte halten Sie den vereinbarten Termin ein.","Please keep the agreed date."
nachfragen,to enquire,"Ich wollte nur kurz nachfragen, ob das Paket angekommen ist.","I just wanted to briefly enquire if the package has arrived."
vorbeikommen,to come over,"Können Sie heute Nachmittag kurz im Büro vorbeikommen?","Can you come over to the office briefly this afternoon?"
am Apparat,speaking (on the phone),"Müller am Apparat, was kann ich für Sie tun?","Müller speaking, what can I do for you?"
auf den Anrufbeantworter sprechen,to leave a message on the answering machine,"Bitte sprechen Sie nach dem Signalton auf den Anrufbeantworter.","Please leave a message on the answering machine after the beep."
Auskunft geben,to provide information,"Können Sie mir Auskunft über die Preise geben?","Can you provide me with information about the prices?"
außerhalb der Sprechzeit anrufen,to call outside office hours,"Sie rufen leider außerhalb unserer Sprechzeiten an.","Unfortunately, you are calling outside our office hours."
Bezug nehmen auf,to refer to,"Ich nehme Bezug auf unser Telefonat von gestern.","I am referring to our phone call yesterday."
in dringenden Fällen,in urgent cases,"In dringenden Fällen erreichen Sie mich auf dem Handy.","In urgent cases, you can reach me on my mobile."
eine kurze Rückmeldung geben,to give brief feedback,"Könnten Sie mir bitte bis morgen eine kurze Rückmeldung geben?","Could you please give me brief feedback by tomorrow?"
ohne Voranmeldung,without prior registration,"Sie können ohne Voranmeldung in unsere Praxis kommen.","You can come to our practice without prior registration."
sich wenden an,to contact,"Bei Problemen wenden Sie sich bitte an den Support.","In case of problems, please contact support."
das Missverständnis,misunderstanding,"Es gab ein kleines Missverständnis bezüglich des Termins.","There was a small misunderstanding regarding the appointment."
auf Beschwerden reagieren,to respond to complaints,"Wir müssen professionell auf Beschwerden reagieren.","We must respond professionally to complaints."
auf Nachfrage,on request,"Auf Nachfrage senden wir Ihnen gerne weitere Informationen.","On request, we will happily send you further information."
Bescheid geben,to inform,"Geben Sie mir bitte Bescheid, wenn Sie ankommen.","Please inform me when you arrive."
Einweisung bekommen,to be inducted,"Neue Mitarbeiter bekommen eine Einweisung in das Sicherheitssystem.","New employees receive an induction into the safety system."
einen Konflikt lösen,to resolve a conflict,"Wir sollten versuchen, den Konflikt friedlich zu lösen.","We should try to resolve the conflict peacefully."
sich beschweren,to complain,"Der Kunde hat sich über den schlechten Service beschwert.","The customer complained about the poor service."
zufrieden sein mit,to be satisfied with,"Sind Sie mit der Qualität unserer Arbeit zufrieden?","Are you satisfied with the quality of our work?"
der Abdruck,impression,"Der Zahnarzt macht einen Abdruck für die Krone.","The dentist is making an impression for the crown."
die Betäubungsspritze,anaesthetic injection,"Haben Sie Angst vor der Betäubungsspritze?","Are you afraid of the anaesthetic injection?"
die provisorische Füllung,temporary filling,"Die provisorische Füllung hält nur ein paar Wochen.","The temporary filling only lasts a few weeks."
die Haltbarkeit,durability,"Die Haltbarkeit dieses Materials ist sehr hoch.","The durability of this material is very high."
das Inlay,inlay,"Ein Gold-Inlay ist sehr langlebig.","A gold inlay is very durable."
die Karies,caries,"Regelmäßiges Putzen beugt Karies vor.","Regular brushing prevents caries."
die Keramik,ceramics,"Zahnfüllungen aus Keramik sehen sehr natürlich aus.","Ceramic tooth fillings look very natural."
das Labor,laboratory,"Das Labor stellt den Zahnersatz her.","The laboratory manufactures the dentures."
der Notdienst,emergency service,"Am Wochenende müssen Sie den zahnärztlichen Notdienst rufen.","On weekends you have to call the dental emergency service."
gründlich Zähne putzen,to brush teeth thoroughly,"Man sollte zweimal täglich gründlich Zähne putzen.","One should brush one's teeth thoroughly twice a day."
Schmerzen aushalten,to endure pain,"Ich kann die Schmerzen kaum aushalten.","I can hardly endure the pain."
die Gastronomie,hotel and catering,"In der Gastronomie wird oft am Wochenende gearbeitet.","In the hotel and catering industry, work is often done on weekends."
der Großhandel,wholesale,"Der Großhandel beliefert die Einzelhändler.","Wholesale supplies the retailers."
der Einzelhandel,retail,"Der Einzelhandel sucht dringend Personal.","Retail is urgently looking for staff."
die Immobilienbranche,real estate sector,"Die Preise in der Immobilienbranche steigen weiter.","Prices in the real estate sector continue to rise."
die IT-Branche,IT industry,"Die IT-Branche wächst sehr schnell.","The IT industry is growing very fast."
der Maschinenbau,mechanical engineering,"Deutschland ist führend im Maschinenbau.","Germany is a leader in mechanical engineering."
die Medien (Pl.),media,"Er arbeitet in den Medien als Journalist.","He works in the media as a journalist."
die Metallindustrie,metal industry,"Die Metallindustrie ist ein wichtiger Arbeitgeber in der Region.","The metal industry is an important employer in the region."
der Öffentliche Dienst,public service,"Viele Menschen streben eine Karriere im Öffentlichen Dienst an.","Many people strive for a career in public service."
die Pharmaindustrie,pharmaceutical industry,"Die Pharmaindustrie entwickelt neue Medikamente.","The pharmaceutical industry develops new medicines."
Transport und Logistik,transport and logistics,"Der Bereich Transport und Logistik sucht LKW-Fahrer.","The transport and logistics sector is looking for truck drivers."
der Einkauf,purchase department,"Der Einkauf verhandelt mit den Lieferanten.","The purchase department negotiates with the suppliers."
die Finanzabteilung,finance department,"Die Finanzabteilung erstellt den Jahresabschluss.","The finance department prepares the annual financial statements."
die Geschäftsleitung,management / executive board,"Die Geschäftsleitung hat neue Ziele gesetzt.","The management has set new goals."
die Kundenbetreuung,customer service department,"Unsere Kundenbetreuung ist rund um die Uhr erreichbar.","Our customer service department is available around the clock."
das Lager,warehouse,"Die Ware wird im Lager geprüft.","The goods are checked in the warehouse."
die Marketingabteilung,marketing department,"Die Marketingabteilung plant eine neue Kampagne.","The marketing department is planning a new campaign."
die Personalabteilung,HR department,"Bewerbungen bitte an die Personalabteilung senden.","Please send applications to the HR department."
die Produktion,production,"Die Produktion läuft auf Hochtouren.","Production is running at full speed."
die Berufschancen (Pl.),career opportunities,"Gute Englischkenntnisse verbessern Ihre Berufschancen.","Good English skills improve your career opportunities."
der Einsatzplan,shift plan,"Der Einsatzplan für nächste Woche hängt aus.","The shift plan for next week is posted."
die Konkurrenz,competition,"Wir müssen uns gegen die Konkurrenz durchsetzen.","We have to assert ourselves against the competition."
der/die Vorgesetzte,superior,"Mein Vorgesetzter ist sehr verständnisvoll.","My superior is very understanding."
die Ware,merchandise,"Die Ware wurde gestern geliefert.","The merchandise was delivered yesterday."
die Anredeform,form of address,"Welche Anredeform ist in Ihrer Firma üblich?","Which form of address is common in your company?"
die Firmenphilosophie,corporate philosophy,"Nachhaltigkeit ist Teil unserer Firmenphilosophie.","Sustainability is part of our corporate philosophy."
das Image,image,"Das Unternehmen pflegt ein modernes Image.","The company cultivates a modern image."
duzen,to use the familiar form of address,"Unter Kollegen duzen wir uns meistens.","Among colleagues, we usually use the familiar form of address."
siezen,to use the formal form of address,"Im Kundenkontakt siezen wir grundsätzlich.","In customer contact, we use the formal form of address as a rule."
angemessen,appropriate,"Bitte erscheinen Sie in angemessener Kleidung.","Please appear in appropriate clothing."
förmlich,formal,"Der Umgangston ist hier sehr förmlich.","The tone is very formal here."
konservativ,conservative,"Banken haben oft einen konservativen Dresscode.","Banks often have a conservative dress code."
locker,casual,"Die Atmosphäre im Team ist sehr locker.","The atmosphere in the team is very casual."
respektlos,disrespectful,"Es ist respektlos, Kollegen zu unterbrechen.","It is disrespectful to interrupt colleagues."
traditionsreich,rich in tradition,"Wir sind ein traditionsreiches Familienunternehmen.","We are a family business rich in tradition."
das Du anbieten,to offer the informal 'Du',"Der Chef hat mir das Du angeboten.","The boss offered me the informal 'Du'."
den ersten Schritt machen,to take the first step,"Manchmal muss man den ersten Schritt machen.","Sometimes you have to take the first step."
per Du/Sie sein,to be on first-name/last-name terms,"Wir sind alle per Du.","We are all on first-name terms."
tabu sein,to be taboo,"Politische Diskussionen sind im Büro tabu.","Political discussions are taboo in the office."
die Ausbildung,training,"Sie hat ihre Ausbildung zur Kauffrau abgeschlossen.","She completed her training as a merchant."
der Ausbildungsberuf,occupation requiring training,"Tischler ist ein klassischer Ausbildungsberuf.","Carpenter is a classic occupation requiring training."
die Berufsfachschule,vocational school,"Er besucht zweimal pro Woche die Berufsfachschule.","He attends vocational school twice a week."
das Berufsinformationszentrum (BIZ),Vocational Information Centre,"Im BIZ können Sie sich über alle Berufe informieren.","You can find out about all professions at the BIZ."
das Berufskolleg,vocational college,"Das Berufskolleg bietet verschiedene Abschlüsse an.","The vocational college offers various degrees."
das Berufsvorbereitungsjahr,vocational preparation year,"Das Berufsvorbereitungsjahr hilft bei der Orientierung.","The vocational preparation year helps with orientation."
die Fortbildungsakademie,advanced training academy,"Die Fortbildungsakademie bietet Kurse für Führungskräfte.","The advanced training academy offers courses for executives."
die Handelssprache,commercial language,"Englisch ist die wichtigste Handelssprache.","English is the most important commercial language."
die Sprachkenntnisse (Pl.),language skills,"Gute Sprachkenntnisse sind in diesem Job unerlässlich.","Good language skills are essential in this job."
absolvieren,to complete,"Sie absolviert gerade ein Praktikum.","She is currently completing an internship."
Erfahrungen sammeln,to gain experience,"Im Ausland konnte er wertvolle Erfahrungen sammeln.","He was able to gain valuable experience abroad."
der erlernte Beruf,learned profession,"Er arbeitet nicht mehr in seinem erlernten Beruf.","He no longer works in his learned profession."
die fundierte Ausbildung,sound training,"Eine fundierte Ausbildung ist die Basis für den Erfolg.","Sound training is the basis for success."
die Altersbegrenzung,age limit,"Für diese Stelle gibt es keine Altersbegrenzung.","There is no age limit for this position."
das Anliegen,concern,"Was ist Ihr Anliegen?","What is your concern?"
der Aushilfsjob,temporary job,"Er sucht einen Aushilfsjob für die Ferien.","He is looking for a temporary job for the holidays."
die Ausschreibung,job advertisement,"Die Ausschreibung klang sehr interessant.","The job advertisement sounded very interesting."
die Bewerbungsunterlagen (Pl.),application documents,"Senden Sie Ihre Bewerbungsunterlagen bitte als PDF.","Please send your application documents as a PDF."
die Jobbörse,job exchange,"In der Online-Jobbörse finden Sie viele Angebote.","You will find many offers in the online job exchange."
der/die Personalchef/-in,head of Human Resources,"Das Gespräch führt der Personalchef persönlich.","The interview is conducted by the head of Human Resources personally."
beeindrucken,to impress,"Er hat uns mit seinem Fachwissen beeindruckt.","He impressed us with his expertise."
jobben,to work on the side,"Viele Studenten müssen nebenbei jobben.","Many students have to work on the side."
derzeitig,current,"Wer ist Ihr derzeitiger Arbeitgeber?","Who is your current employer?"
gelegentlich,occasional,"Gelegentlich muss ich auch am Wochenende arbeiten.","Occasionally I also have to work on weekends."
gewissenhaft,conscientious,"Sie erledigt ihre Aufgaben sehr gewissenhaft.","She performs her tasks very conscientiously."
reibungslos,smooth,"Der Ablauf war absolut reibungslos.","The process was absolutely smooth."
zuverlässig,reliable,"Wir brauchen einen zuverlässigen Mitarbeiter.","We need a reliable employee."
ab und zu,from time to time,"Ab und zu machen wir Überstunden.","From time to time we work overtime."
die Ausbildung verkürzen,to shorten the training,"Bei guten Noten kann man die Ausbildung verkürzen.","With good grades, you can shorten the training."
beruflich vorwärtskommen,to advance professionally,"Er wechselte die Firma, um beruflich vorwärtszukommen.","He changed companies to advance professionally."
die feste Arbeit,steady job,"Endlich hat er eine feste Arbeit gefunden.","Finally, he found a steady job."
rund um die Uhr,around the clock,"Der Service ist rund um die Uhr verfügbar.","The service is available around the clock."
der Anlagenmechaniker,plant mechanic,"Der Anlagenmechaniker wartet die Maschinen.","The plant mechanic maintains the machines."
der Bilanzbuchhalter,accountant,"Der Bilanzbuchhalter prüft die Finanzen.","The accountant checks the finances."
der Bürokaufmann,office worker,"Als Bürokaufmann organisiert er den Büroalltag.","As an office worker, he organizes everyday office life."
der Gärtner,gardener,"Der Gärtner pflegt die Grünanlagen.","The gardener maintains the green areas."
der Gesundheits- und Krankenpfleger,nurse,"Der Krankenpfleger kümmert sich um die Patienten.","The nurse takes care of the patients."
der Näher / die Näherin,dressmaker,"Die Näherin ändert die Kleidung.","The dressmaker alters the clothes."
die Servicekraft,service employee,"Wir suchen eine Servicekraft für unser Café.","We are looking for a service employee for our cafe."
der Zimmerservice,room service,"Der Zimmerservice bringt das Frühstück.","Room service brings breakfast."
die Aufstiegschancen (Pl.),opportunities for advancement,"In diesem Unternehmen gibt es gute Aufstiegschancen.","There are good opportunities for advancement in this company."
der Außentermin,external appointment,"Ich bin heute Vormittag auf einem Außentermin.","I am at an external appointment this morning."
die Besprechung,meeting,"Die Besprechung dauert voraussichtlich eine Stunde.","The meeting is expected to last one hour."
die Kantine,canteen,"Das Essen in der Kantine ist preiswert.","The food in the canteen is inexpensive."
die Sozialleistungen (Pl.),social benefits,"Die Firma bietet attraktive Sozialleistungen.","The company offers attractive social benefits."
jmdm. einen Gefallen tun,to do someone a favour,"Kannst du mir einen Gefallen tun?","Can you do me a favour?"
das Gehalt verhandeln,to negotiate salary,"Man sollte sein Gehalt geschickt verhandeln.","One should negotiate one's salary skillfully."
Karriere machen,to make a career,"Sie will unbedingt Karriere machen.","She really wants to make a career."
Priorität haben,to take priority,"Kundenzufriedenheit hat bei uns oberste Priorität.","Customer satisfaction takes top priority for us."
Sachen abarbeiten,to process things,"Ich muss erst diese Liste abarbeiten.","I have to process this list first."
sachlich bleiben,to stay objective,"Bitte bleiben Sie auch bei Kritik sachlich.","Please stay objective even with criticism."
angemessen bezahlt werden,to be paid appropriately,"Gute Arbeit sollte angemessen bezahlt werden.","Good work should be paid appropriately."
auf Dauer unzufrieden sein,to be dissatisfied in the long run,"Auf Dauer bin ich in diesem Job unzufrieden.","In the long run, I am dissatisfied in this job."
Bedenken äußern,to express concerns,"Der Betriebsrat äußerte Bedenken gegen den Plan.","The works council expressed concerns about the plan."
die Chemie stimmt,the chemistry is right,"Zwischen uns stimmt die Chemie einfach.","The chemistry between us is simply right."
fix und fertig sein,to be run down / exhausted,"Nach der Schicht war ich fix und fertig.","After the shift, I was completely exhausted."
die Geduld bewahren,to keep patient,"In schwierigen Situationen muss man die Geduld bewahren.","In difficult situations, one must keep patient."
gesellschaftlich anerkannt sein,to be socially recognised,"Der Beruf ist gesellschaftlich hoch anerkannt.","The profession is socially highly recognised."
ein hohes Arbeitspensum haben,to have a high workload,"Wir haben derzeit ein sehr hohes Arbeitspensum.","We currently have a very high workload."
die monotone Aufgabe,monotonous task,"Er mag keine monotonen Aufgaben.","He doesn't like monotonous tasks."
nichts Unüberlegtes tun,not to do anything rash,"Bitte tun Sie nichts Unüberlegtes!","Please do not do anything rash!"
nichts zu verschenken haben,not to have money to burn,"Wir müssen sparen, wir haben nichts zu verschenken.","We have to save, we don't have money to burn."
schlecht gelaunt sein,to be in a bad mood,"Warum bist du heute so schlecht gelaunt?","Why are you in such a bad mood today?"
sich überfordert fühlen,to feel overchallenged,"Ich fühle mich von den vielen Aufgaben überfordert.","I feel overchallenged by the many tasks."
sich zu Tode langweilen,to be bored to death,"In diesem Meeting habe ich mich zu Tode gelangweilt.","I was bored to death in this meeting."
die 40-Stunden-Woche,40-hour week,"Die 40-Stunden-Woche ist hier Standard.","The 40-hour week is standard here."
das Entgegenkommen,goodwill / accommodation,"Vielen Dank für Ihr Entgegenkommen.","Thank you for your accommodation."
die Gleitzeit,flexitime,"Dank Gleitzeit kann ich morgens später kommen.","Thanks to flexitime, I can come later in the morning."
die Kernzeit,core hours,"Unsere Kernzeit ist von 10 bis 15 Uhr.","Our core hours are from 10 am to 3 pm."
die Wechselschicht,rotating shift,"Er arbeitet in Wechselschicht.","He works in rotating shifts."
flexible Arbeitszeiten,flexible working hours,"Eltern schätzen flexible Arbeitszeiten.","Parents appreciate flexible working hours."
feste Arbeitszeiten,fixed working hours,"Ich bevorzuge feste Arbeitszeiten.","I prefer fixed working hours."
Überstunden machen,to work overtime,"Müssen wir heute Überstunden machen?","Do we have to work overtime today?"
vertraglich vereinbaren,to agree by contract,"Der Bonus wurde vertraglich vereinbart.","The bonus was agreed by contract."
das Betreuungsangebot,childcare services,"Das Betreuungsangebot für Kinder ist sehr gut.","The childcare services are very good."
die Tagesmutter,childminder,"Unsere Tochter geht zu einer Tagesmutter.","Our daughter goes to a childminder."
alleinerziehend,single parent,"Als Alleinerziehende hat sie es oft schwer.","As a single parent, she often has a hard time."
familienfreundlich,family-friendly,"Das Unternehmen gilt als sehr familienfreundlich.","The company is considered very family-friendly."
angewiesen sein auf,to be dependent on,"Ich bin auf das Auto angewiesen.","I am dependent on the car."
vereinbaren,to reconcile / combine,"Es ist schwer, Beruf und Familie zu vereinbaren.","It is hard to reconcile work and family."
German Word,English Meaning,German Example Sentence,English Translation
die An-/Abreise,arrival/departure,"Die An- und Abreise erfolgt auf eigene Kosten.","Arrival and departure are at your own expense."
der Besprechungsraum,conference room,"Ist der große Besprechungsraum für morgen reserviert?","Is the large conference room booked for tomorrow?"
die Buchungsbestätigung,booking confirmation,"Ich habe die Buchungsbestätigung per E-Mail erhalten.","I received the booking confirmation via email."
das Doppelzimmer (DZ),double room,"Wir haben für die Gäste zwei Doppelzimmer gebucht.","We booked two double rooms for the guests."
das Einzelzimmer (EZ),single room,"Ich bevorzuge auf Geschäftsreisen ein Einzelzimmer.","I prefer a single room on business trips."
die Fahrgemeinschaft,carpool,"Wir haben eine Fahrgemeinschaft zur Messe gebildet.","We formed a carpool to the trade fair."
die Flugverbindung,flight connection,"Es gibt keine direkte Flugverbindung nach Berlin.","There is no direct flight connection to Berlin."
das Gewerbegebiet,industrial area,"Unser neues Büro liegt in einem großen Gewerbegebiet.","Our new office is located in a large industrial area."
das Meeting,meeting,"Das Meeting wurde auf 14 Uhr verschoben.","The meeting was postponed to 2 p.m."
das Mietauto,hire car / rental car,"Vom Flughafen nehmen wir uns ein Mietauto.","We will take a rental car from the airport."
die Parkmöglichkeit,parking,"Gibt es am Hotel eine Parkmöglichkeit?","Is there parking available at the hotel?"
das Tagungshotel,conference hotel,"Das Tagungshotel ist leider schon ausgebucht.","The conference hotel is unfortunately already fully booked."
die Tiefgarage,underground car park,"Sie können Ihren Wagen in der Tiefgarage abstellen.","You can park your car in the underground car park."
die Zimmer-/Hotelkategorie,room/hotel category,"Welche Hotelkategorie darf ich für Sie buchen?","Which hotel category may I book for you?"
auf Montage fahren,to go away for work / assembly work,"Unsere Techniker fahren oft auf Montage ins Ausland.","Our technicians often go away on assembly work abroad."
die Arbeitsplatzbeschreibung,job description,"Die Aufgaben stehen genau in der Arbeitsplatzbeschreibung.","The tasks are listed exactly in the job description."
die Qualitätssicherung,quality assurance,"Die Qualitätssicherung prüft jedes Produkt vor dem Versand.","Quality assurance checks every product before shipping."
die Richtlinien (Pl.),guidelines,"Bitte halten Sie sich an die internen Richtlinien.","Please adhere to the internal guidelines."
der/die Vorarbeiter/-in,foreman,"Der Vorarbeiter teilt die Schichten ein.","The foreman schedules the shifts."
das Vorgehen,procedure,"Wir müssen unser Vorgehen genau absprechen.","We need to coordinate our procedure exactly."
Arbeitsabläufe regeln,to regulate workflows,"Neue Software soll die Arbeitsabläufe besser regeln.","New software is supposed to regulate workflows better."
Anweisungen verstehen,to understand instructions,"Haben alle Mitarbeiter die Anweisungen verstanden?","Did all employees understand the instructions?"
kleinschrittig festhalten,to record step-by-step,"Wir müssen jeden Arbeitsschritt kleinschrittig festhalten.","We have to record every work step in detail."
auf einem Stick speichern,to save to a USB stick,"Sichern Sie die Präsentation bitte auf einem Stick.","Please save the presentation to a USB stick."
einen Bericht vorlegen,to submit a report,"Er muss bis Freitag einen Bericht vorlegen.","He has to submit a report by Friday."
Ergebnisse präsentieren,to present results,"Morgen werden wir dem Kunden die Ergebnisse präsentieren.","Tomorrow we will present the results to the customer."
gemeinsam durchgehen,to go through together,"Lassen Sie uns den Plan noch einmal gemeinsam durchgehen.","Let's go through the plan together one more time."
eine Grafik einpflegen,to enter/insert a graphic,"Kannst du diese Grafik noch in den Bericht einpflegen?","Can you insert this graphic into the report?"
den Laptop herunterfahren,to shut down the laptop,"Vergessen Sie nicht, den Laptop herunterzufahren.","Don't forget to shut down the laptop."
einen Probedurchlauf machen,to make a test run,"Wir machen einen Probedurchlauf vor der Präsentation.","We are doing a test run before the presentation."
eine Sicherungskopie machen,to make a backup copy,"Machen Sie täglich eine Sicherungskopie Ihrer Daten.","Make a backup copy of your data daily."
schriftlich dokumentieren,to document in writing,"Jeder Fehler muss schriftlich dokumentiert werden.","Every error must be documented in writing."
Unterlagen zusammenstellen,to compile documents,"Ich muss noch die Unterlagen für das Meeting zusammenstellen.","I still have to compile the documents for the meeting."
Vorbereitungen treffen,to make preparations,"Wir haben alle Vorbereitungen für das Event getroffen.","We have made all preparations for the event."
absagen,to cancel,"Ich muss den Termin leider krankheitsbedingt absagen.","Unfortunately I have to cancel the appointment due to illness."
um etwas bitten,to ask for something,"Darf ich Sie um einen Gefallen bitten?","May I ask you for a favour?"
einen Gegenvorschlag machen,to make a counter-proposal,"Der Termin passt nicht, darf ich einen Gegenvorschlag machen?","The date doesn't suit, may I make a counter-proposal?"
seine Meinung ausdrücken,to express one’s opinion,"Jeder darf hier offen seine Meinung ausdrücken.","Everyone is allowed to express their opinion openly here."
nachfragen,to ask / enquire,"Ich wollte nur kurz nachfragen, ob alles geklappt hat.","I just wanted to briefly ask if everything worked out."
zustimmen,to consent / agree,"Der Chef muss dem Urlaubsantrag noch zustimmen.","The boss still has to consent to the leave request."
einverstanden sein,to agree,"Sind Sie mit diesem Vorschlag einverstanden?","Do you agree with this proposal?"
der Aufkleber,sticker,"Der Aufkleber „Zerbrechlich“ muss auf das Paket.","The sticker 'Fragile' must be on the package."
der Aussteller,exhibitor,"Viele Aussteller präsentieren ihre Neuheiten auf der Messe.","Many exhibitors present their novelties at the trade fair."
die Broschüre,brochure,"Haben Sie eine Broschüre über Ihre Produkte?","Do you have a brochure about your products?"
das Datenblatt,datasheet,"Alle technischen Details finden Sie im Datenblatt.","You can find all technical details in the datasheet."
das Detail,detail,"Wir müssen noch über ein wichtiges Detail sprechen.","We still have to talk about an important detail."
die Dienstleistung,service,"Wir bieten Dienstleistungen im IT-Bereich an.","We offer services in the IT sector."
der Flyer,flyer,"Wir verteilen Flyer in der Fußgängerzone.","We are distributing flyers in the pedestrian zone."
das Give-away,give away,"Kugelschreiber sind beliebte Give-aways auf Messen.","Ballpoint pens are popular give-aways at trade fairs."
der Großhändler,wholesaler,"Wir kaufen unsere Ware direkt beim Großhändler.","We buy our goods directly from the wholesaler."
der Katalog,catalogue,"Ich schicke Ihnen unseren aktuellen Katalog zu.","I will send you our current catalogue."
die Leistungsschau,exhibition / showcase,"Die Messe ist eine wichtige Leistungsschau der Branche.","The trade fair is an important showcase for the industry."
das Logo,logo,"Das Firmenlogo sollte auf jeder Seite sichtbar sein.","The company logo should be visible on every page."
das Muster,sample,"Kann ich ein Muster des Stoffes bekommen?","Can I get a sample of the fabric?"
das Poster,poster,"Das Poster wirbt für unsere neue Kampagne.","The poster advertises our new campaign."
der Prospektständer,brochure stand,"Der Prospektständer steht direkt am Eingang.","The brochure stand is right at the entrance."
der Stand,stand / booth,"Besuchen Sie uns an unserem Stand in Halle 3.","Visit us at our stand in Hall 3."
das Start-up-Unternehmen,start-up,"Das Start-up-Unternehmen sucht nach Investoren.","The start-up is looking for investors."
die To-do-Liste,to-do list,"Ich habe den Punkt auf meine To-do-Liste gesetzt.","I have put the item on my to-do list."
der Veranstalter,organiser,"Der Veranstalter erwartet 5000 Besucher.","The organiser expects 5000 visitors."
die Visitenkarte,business card,"Darf ich Ihnen meine Visitenkarte geben?","May I give you my business card?"
das Werbegeschenk,freebie / promotional gift,"Jeder Kunde erhält ein kleines Werbegeschenk.","Every customer receives a small promotional gift."
der Wettbewerber,competitor,"Wir müssen die Preise unserer Wettbewerber beobachten.","We have to monitor our competitors' prices."
innovativ,innovative,"Diese innovative Technik spart viel Energie.","This innovative technology saves a lot of energy."
einzigartig,unique,"Unser Service ist in dieser Region einzigartig.","Our service is unique in this region."
wettbewerbsfähig,competitive,"Wir müssen wettbewerbsfähig bleiben.","We must remain competitive."
die aktuelle Situation auf dem Markt,current situation on the market,"Die aktuelle Situation auf dem Markt ist schwierig.","The current situation on the market is difficult."
Angebote vergleichen,to compare offers,"Bevor wir kaufen, sollten wir mehrere Angebote vergleichen.","Before we buy, we should compare several offers."
keine Zeit verschwenden,to waste no time,"Lassen Sie uns keine Zeit verschwenden und anfangen.","Let's waste no time and start."
Präsenz zeigen,to make one’s presence felt / show presence,"Auf dieser Messe müssen wir unbedingt Präsenz zeigen.","We absolutely have to show presence at this trade fair."
eine Preisliste beilegen,to enclose a price list,"Ich werde dem Brief eine aktuelle Preisliste beilegen.","I will enclose a current price list with the letter."
Produkte präsentieren,to present products,"Wir präsentieren unsere Produkte einem breiten Publikum.","We present our products to a wide audience."
sich über Trends informieren,to find out about trends,"Auf der Messe kann man sich gut über Trends informieren.","At the trade fair, one can find out well about trends."
Umsatz machen,to make sales / turnover,"Wir wollen dieses Jahr mehr Umsatz machen.","We want to make more turnover this year."
die Ab-/Zusage,cancellation / acceptance,"Ich warte noch auf eine Zusage für den Job.","I am still waiting for an acceptance for the job."
die Filiale,branch,"Unsere neue Filiale eröffnet nächsten Monat.","Our new branch opens next month."
die Qualität,quality,"Wir legen großen Wert auf hohe Qualität.","We attach great importance to high quality."
die Saison,season,"In der Hauptsaison haben wir viel zu tun.","We are very busy in the peak season."
die Wartung,maintenance,"Die regelmäßige Wartung der Maschinen ist wichtig.","Regular maintenance of the machines is important."
Einzelheiten besprechen,to discuss details,"Wir müssen noch die Einzelheiten des Vertrags besprechen.","We still have to discuss the details of the contract."
gezielte Fragen stellen,to ask specific questions,"Stellen Sie gezielte Fragen, um das Problem zu verstehen.","Ask specific questions to understand the problem."
die Liefer- und Zahlungsbedingungen,terms of delivery and payment,"Die Liefer- und Zahlungsbedingungen finden Sie in den AGB.","You can find the terms of delivery and payment in the general terms and conditions."
Notizen machen,to take notes,"Ich werde mir während des Gesprächs Notizen machen.","I will take notes during the conversation."
eine praktische Lösung ausdenken,to come up with a practical solution,"Wir müssen uns schnell eine praktische Lösung ausdenken.","We have to come up with a practical solution quickly."
Rückfragen stellen,to ask questions (follow-up),"Zögern Sie nicht, Rückfragen zu stellen.","Do not hesitate to ask follow-up questions."
sich auf das Gespräch konzentrieren,to focus on the conversation,"Bitte konzentrieren Sie sich auf das Gespräch.","Please focus on the conversation."
die Anfrage,enquiry,"Wir haben eine Anfrage bezüglich unserer Preise erhalten.","We received an enquiry regarding our prices."
der Eilzuschlag,express surcharge,"Für Lieferungen am selben Tag berechnen wir einen Eilzuschlag.","We charge an express surcharge for same-day deliveries."
der Gesamtpreis,total price,"Der Gesamtpreis beinhaltet alle Steuern.","The total price includes all taxes."
das Mailing,mailing,"Wir planen ein großes Mailing an alle Bestandskunden.","We are planning a large mailing to all existing customers."
der Nettopreis,net price,"Gewerbekunden zahlen den Nettopreis.","Business customers pay the net price."
der Bruttopreis,gross price,"Der Bruttopreis enthält die Mehrwertsteuer.","The gross price includes VAT."
die Neukundengewinnung,new customer acquisition,"Die Neukundengewinnung ist dieses Jahr unser Hauptziel.","New customer acquisition is our main goal this year."
der Sonderwunsch,special request,"Wir versuchen, jeden Sonderwunsch zu erfüllen.","We try to fulfill every special request."
das Angebot ist gültig bis,the offer is valid until,"Dieses Angebot ist gültig bis Ende des Monats.","This offer is valid until the end of the month."
ein Angebot unterbreiten,to make / submit an offer,"Dürfen wir Ihnen ein Angebot unterbreiten?","May we submit an offer to you?"
ein Angebot verhandeln,to negotiate an offer,"Wir können das Angebot gerne noch verhandeln.","We can certainly still negotiate the offer."
das unverbindliche Angebot,non-binding offer,"Hier ist ein unverbindliches Angebot für Sie.","Here is a non-binding offer for you."
zuzüglich der gesetzlich geltenden Mehrwertsteuer,plus statutory value-added tax,"Der Preis versteht sich zuzüglich der gesetzlich geltenden Mehrwertsteuer.","The price is plus statutory value-added tax."
inklusive der gesetzlich geltenden Mehrwertsteuer,including statutory value-added tax,"Der Endpreis ist inklusive der gesetzlich geltenden Mehrwertsteuer.","The final price is including statutory value-added tax."
die Lieferkosten (Pl.),delivery costs,"Die Lieferkosten übernehmen wir.","We cover the delivery costs."
der Preisnachlass,price reduction / discount,"Bei Barzahlung gewähren wir einen Preisnachlass.","We grant a price reduction for cash payment."
der Rabatt,discount,"Stammkunden erhalten 10% Rabatt.","Regular customers receive a 10% discount."
die Ratenzahlung,instalment,"Ist eine Ratenzahlung möglich?","Is payment by instalment possible?"
das Skonto,early payment discount,"Bei Zahlung innerhalb von 10 Tagen ziehen wir 2% Skonto ab.","We deduct 2% early payment discount for payment within 10 days."
die Vorauszahlung,advance payment,"Wir bitten um eine Vorauszahlung von 50%.","We ask for an advance payment of 50%."
der Werktag,working day,"Die Lieferung erfolgt innerhalb von drei Werktagen.","Delivery takes place within three working days."
ab Werk,ex works,"Die Preise gelten ab Werk.","The prices apply ex works."
bei Erhalt der Ware,upon receipt of the goods,"Zahlbar sofort bei Erhalt der Ware.","Payable immediately upon receipt of the goods."
die Ware umtauschen,to exchange the goods,"Sie können die Ware innerhalb von 14 Tagen umtauschen.","You can exchange the goods within 14 days."
frei Grenze,free border,"Wir liefern frei Grenze.","We deliver free to the border."
frei Haus,carriage free / free delivery,"Ab einem Bestellwert von 500 Euro liefern wir frei Haus.","We offer free delivery for orders over 500 euros."
keine Garantie übernehmen,not to offer a guarantee,"Für Verschleißteile können wir keine Garantie übernehmen.","We cannot offer a guarantee for wear parts."
im Anhang,enclosed / attached,"Das Angebot finden Sie im Anhang dieser E-Mail.","You will find the offer attached to this email."
der Versand,despatch / shipping,"Der Versand erfolgt morgen.","Shipping will take place tomorrow."
frühestens,at the earliest,"Die Ware kommt frühestens am Montag an.","The goods will arrive on Monday at the earliest."
höchstens,at most,"Die Reparatur kostet höchstens 100 Euro.","The repair will cost 100 euros at most."
mindestens,at least,"Es dauert mindestens zwei Wochen.","It takes at least two weeks."
spätestens,at the latest,"Bitte zahlen Sie spätestens bis zum 30. April.","Please pay by April 30th at the latest."
bankrott sein,to be bankrupt,"Die Firma ist leider bankrott.","The company is unfortunately bankrupt."
zahlbar innerhalb von ... Tagen,payable within ... days,"Der Betrag ist zahlbar innerhalb von 14 Tagen.","The amount is payable within 14 days."
die Bürokommunikation,office communication,"Moderne Bürokommunikation ist effizient.","Modern office communication is efficient."
die Vertriebskenntnisse (Pl.),sales knowledge,"Er hat hervorragende Vertriebskenntnisse.","He has excellent sales knowledge."
zukunftsorientiert,future-oriented,"Wir sind ein zukunftsorientiertes Unternehmen.","We are a future-oriented company."
gängige Computerprogramme,common computer programs,"Sie beherrscht alle gängigen Computerprogramme.","She masters all common computer programs."
die Artikelnummer,item number,"Bitte geben Sie die Artikelnummer an.","Please state the item number."
die Bestellnummer,order number,"Haben Sie Ihre Bestellnummer parat?","Do you have your order number ready?"
die Artikelbezeichnung,item description,"Die Artikelbezeichnung steht auf der Rechnung.","The item description is on the invoice."
der Bestandskunde,existing customer,"Als Bestandskunde bekommen Sie Sonderkonditionen.","As an existing customer, you get special conditions."
die Kundennummer,customer number,"Meine Kundennummer lautet 12345.","My customer number is 12345."
der Neukunde,new customer,"Wir wollen mehr Neukunden gewinnen.","We want to acquire more new customers."
der Onlineshop,online shop,"Unser Onlineshop ist 24 Stunden geöffnet.","Our online shop is open 24 hours."
der Versandhandel,mail-order business,"Der Versandhandel boomt zurzeit.","The mail-order business is currently booming."
erhältlich sein,to be available,"Das Produkt ist ab sofort erhältlich.","The product is available immediately."
jmdm. etw. ausrichten,to pass on a message,"Ich werde ihm ausrichten, dass Sie angerufen haben.","I will pass on the message that you called."
eine Nachricht hinterlassen,to leave a message,"Möchten Sie eine Nachricht hinterlassen?","Would you like to leave a message?"
verfügbar sein,to be available,"Der Artikel ist momentan nicht verfügbar.","The item is currently not available."
die Barzahlung,cash payment,"Barzahlung ist bei Abholung möglich.","Cash payment is possible upon collection."
die Mahnung,written warning / reminder,"Wir haben eine Mahnung wegen der offenen Rechnung geschickt.","We sent a reminder regarding the outstanding invoice."
das Onlinebanking,online banking,"Ich erledige meine Überweisungen per Onlinebanking.","I do my transfers via online banking."
der Online-Bezahldienst,online payment service,"PayPal ist ein bekannter Online-Bezahldienst.","PayPal is a well-known online payment service."
die Sicherheitsbedenken (Pl.),security concerns,"Es gab Sicherheitsbedenken bei der Transaktion.","There were security concerns regarding the transaction."
der Zahlungsempfänger,payee,"Der Zahlungsempfänger ist die Muster GmbH.","The payee is Muster GmbH."
der Betrag ist fällig zum ...,the amount is due on ...,"Der Betrag ist fällig zum 1. Mai.","The amount is due on May 1st."
... Euro ausgeben,to spend ... euros,"Wir können maximal 500 Euro ausgeben.","We can spend a maximum of 500 euros."
einen Betrag in Höhe von ...,an amount of ...,"Wir fordern einen Betrag in Höhe von 200 Euro.","We demand an amount of 200 euros."
einen Betrag überweisen,to transfer an amount,"Ich habe den Betrag gestern überwiesen.","I transferred the amount yesterday."
einen Betrag vom Konto abbuchen,to debit an amount from the account,"Die Miete wird vom Konto abgebucht.","The rent is debited from the account."
in bar bezahlen,to pay in cash,"Können wir hier in bar bezahlen?","Can we pay in cash here?"
per Lastschrift,by direct debit,"Die Zahlung erfolgt bequem per Lastschrift.","Payment is made conveniently by direct debit."
per Überweisung,by bank transfer,"Bitte zahlen Sie per Überweisung.","Please pay by bank transfer."
eine Rechnung begleichen,to pay an invoice,"Sie müssen die Rechnung sofort begleichen.","You must pay the invoice immediately."
die Zahlung ist eingegangen,the payment has been received,"Ihre Zahlung ist heute bei uns eingegangen.","Your payment was received by us today."
die Zahlungserinnerung,payment reminder,"Dies ist nur eine freundliche Zahlungserinnerung.","This is just a friendly payment reminder."
etw. als gegenstandslos betrachten,to consider something to be groundless/void,"Betrachten Sie das Schreiben als gegenstandslos.","Consider the letter as void."
das Budget,budget,"Unser Budget ist leider begrenzt.","Our budget is unfortunately limited."
das Komma,comma,"Das Ergebnis ist 12 Komma 5 (12,5).","The result is 12 point 5."
das Drittel,third,"Ein Drittel der Kosten übernehmen wir.","We cover one third of the costs."
das Achtel,eighth,"Ein Achtel ist weniger als ein Viertel.","One eighth is less than one quarter."
das Viertel,quarter,"Ein Viertel Stunde sind 15 Minuten.","A quarter of an hour is 15 minutes."
durch (geteilt),divided by,"Zehn geteilt durch zwei ist fünf.","Ten divided by two is five."
gleich,equal to,"Zwei plus zwei ist gleich vier.","Two plus two is equal to four."
mal,times,"Drei mal drei ist neun.","Three times three is nine."
minus,minus,"Zehn minus fünf ist fünf.","Ten minus five is five."
plus,plus,"Fünf plus fünf macht zehn.","Five plus five makes ten."
gut/schlecht wirtschaften,to manage one’s money well/badly,"Die Firma hat in den letzten Jahren gut gewirtschaftet.","The company has managed its money well in recent years."
übrig sein,to be left over,"Es ist kein Geld mehr übrig.","There is no money left over."
German Word,English Meaning,German Example Sentence,English Translation
die Bewertung,review / evaluation,"Wir haben eine positive Bewertung vom Kunden erhalten.","We received a positive review from the customer."
die Enttäuschung,disappointment,"Die Absage war eine große Enttäuschung für ihn.","The rejection was a big disappointment for him."
die Konsequenzen (Pl.),consequences,"Dieser Fehler wird personelle Konsequenzen haben.","This mistake will have personnel consequences."
das Streitgespräch,disputation / argument,"Das Streitgespräch wurde sehr emotional geführt.","The argument was conducted very emotionally."
der Vorfall,incident,"Wir müssen den Vorfall sofort der Leitung melden.","We must report the incident to management immediately."
der Vorwurf,accusation / reproach,"Der Vorwurf der Unpünktlichkeit ist unberechtigt.","The accusation of unpunctuality is unjustified."
fehlerhaft,defective / faulty,"Die gelieferte Ware war leider fehlerhaft.","The delivered merchandise was unfortunately defective."
ungerecht,unfair,"Ich empfinde diese Entscheidung als ungerecht.","I feel this decision is unfair."
bis an die Grenzen arbeiten,to work to one’s limits,"Das Team hat bis an die Grenzen gearbeitet, um das Projekt fertigzustellen.","The team worked to their limits to finish the project."
etw. verallgemeinern,to generalise,"Man darf Einzelfälle nicht verallgemeinern.","One must not generalise individual cases."
gezwungen sein,to be forced,"Wir waren gezwungen, die Produktion zu stoppen.","We were forced to stop production."
jmdn. weiterempfehlen,to recommend someone,"Ich werde Sie gerne weiterempfehlen.","I will happily recommend you."
nicht den Angaben entsprechen,not to be consistent with the information,"Das Produkt entspricht nicht den Angaben im Katalog.","The product is not consistent with the information in the catalogue."
recht bekommen,to get one's own way / be proven right,"Vor Gericht haben wir recht bekommen.","We were proven right in court."
sich gestört fühlen,to feel disturbed,"Die Mitarbeiter fühlen sich durch den Lärm gestört.","The employees feel disturbed by the noise."
Beschwerden beantworten,to respond to complaints,"Wir müssen alle Beschwerden zeitnah beantworten.","We must respond to all complaints promptly."
das konstruktive Streitgespräch,constructive disputation,"Ein konstruktives Streitgespräch kann Lösungen bringen.","A constructive disputation can bring solutions."
einen Vorfall beseitigen,to resolve an incident,"Wir konnten den technischen Vorfall schnell beseitigen.","We were able to resolve the technical incident quickly."
etw. bedauern,to regret something,"Wir bedauern die Unannehmlichkeiten sehr.","We regret the inconvenience very much."
etw. weitergeben,to pass something on,"Ich werde Ihr Feedback an die Abteilung weitergeben.","I will pass your feedback on to the department."
etw. wiedergutmachen,to make up for something,"Wir möchten den Fehler gerne wiedergutmachen.","We would like to make up for the mistake."
nicht wieder vorkommen,not to happen again,"Ich verspreche, dass das nicht wieder vorkommen wird.","I promise that this will not happen again."
einen Gutschein anbieten,to offer a voucher,"Als Entschädigung bieten wir Ihnen einen Gutschein an.","As compensation, we offer you a voucher."
eine Lösung finden,to find a solution,"Wir werden gemeinsam eine Lösung finden.","We will find a solution together."
einen Fehler beheben,to fix a mistake,"Die IT-Abteilung hat den Fehler behoben.","The IT department has fixed the mistake."
einen Fehler zugeben,to admit to a mistake,"Es ist wichtig, eigene Fehler zuzugeben.","It is important to admit one's own mistakes."
sich in die Situation versetzen,to put oneself in the situation,"Versuchen Sie, sich in die Situation des Kunden zu versetzen.","Try to put yourself in the customer's situation."
um Verständnis bitten,to ask for understanding,"Wir bitten um Ihr Verständnis für die Verzögerung.","We ask for your understanding regarding the delay."
Verständnis zeigen,to show understanding,"Er zeigte Verständnis für meine Situation.","He showed understanding for my situation."
die Anforderung,requirement,"Die Anforderungen an das neue Produkt sind hoch.","The requirements for the new product are high."
die Norm,standard,"Das Bauteil entspricht der europäischen Norm.","The component complies with the European standard."
das Qualitätsmanagementsystem,quality management system,"Wir führen ein neues Qualitätsmanagementsystem ein.","We are introducing a new quality management system."
Arbeitsweisen überprüfen,to review working methods,"Wir sollten unsere Arbeitsweisen regelmäßig überprüfen.","We should regularly review our working methods."
Motivation steigern,to enhance motivation,"Ein gutes Betriebsklima kann die Motivation steigern.","A good working atmosphere can enhance motivation."
verbessern,to improve,"Wir wollen unseren Service stetig verbessern.","We want to continuously improve our service."
Produktionsschritte planen,to plan production steps,"Wir müssen die einzelnen Produktionsschritte genau planen.","We have to plan the individual production steps exactly."
Prozesse definieren,to define processes,"Klare Prozesse müssen definiert werden.","Clear processes must be defined."
schriftlich festhalten,to record in writing,"Alle Absprachen werden schriftlich festgehalten.","All agreements are recorded in writing."
Qualität sicherstellen,to assure quality,"Wie können wir die Qualität langfristig sicherstellen?","How can we assure quality in the long term?"
sich richten nach,to be guided by,"Wir richten uns nach den Wünschen der Kunden.","We are guided by the wishes of the customers."
die Agenda,agenda,"Die Agenda für das Meeting wurde gestern verschickt.","The agenda for the meeting was sent out yesterday."
die Ankündigung,announcement,"Die Ankündigung der Fusion überraschte alle.","The announcement of the merger surprised everyone."
der Antrag,application,"Der Antrag auf Budgeterhöhung wurde abgelehnt.","The application for budget increase was rejected."
der Bericht,report,"Der monatliche Bericht liegt auf Ihrem Tisch.","The monthly report is on your desk."
das Besprechungsprotokoll,minutes of the meeting,"Wer schreibt heute das Besprechungsprotokoll?","Who is writing the minutes of the meeting today?"
das Ergebnisprotokoll,results log,"Im Ergebnisprotokoll stehen nur die Beschlüsse.","The results log only contains the decisions."
die Mitarbeiterbesprechung,staff meeting,"Jeden Montag findet eine Mitarbeiterbesprechung statt.","A staff meeting takes place every Monday."
die Projektvorstellung,project presentation,"Die Projektvorstellung war sehr überzeugend.","The project presentation was very convincing."
der Rückblick,review,"Wir begannen mit einem Rückblick auf das letzte Jahr.","We started with a review of the last year."
die Sitzung,meeting / session,"Die Sitzung wurde unterbrochen.","The session was interrupted."
der Tagesordnungspunkt (TOP),agenda item,"Wir kommen nun zum nächsten Tagesordnungspunkt.","We now come to the next agenda item."
die Teambesprechung,team meeting,"In der Teambesprechung verteilen wir die Aufgaben.","In the team meeting, we distribute the tasks."
das Verlaufsprotokoll,history log / minutes,"Das Verlaufsprotokoll dokumentiert die gesamte Diskussion.","The history log documents the entire discussion."
die Vorbesprechung,preliminary discussion,"Wir treffen uns zur Vorbesprechung um 9 Uhr.","We meet for the preliminary discussion at 9 a.m."
mailen,to email,"Können Sie mir die Datei bitte mailen?","Can you email me the file please?"
nachvollziehen,to understand / comprehend,"Ich kann Ihre Entscheidung gut nachvollziehen.","I can well understand your decision."
protokollieren,to record / take minutes,"Herr Müller wird die Sitzung protokollieren.","Mr. Müller will take minutes of the meeting."
widersprechen,to contradict,"Da muss ich Ihnen leider widersprechen.","Unfortunately, I have to contradict you there."
zustimmen,to consent / agree,"Ich kann diesem Vorschlag voll zustimmen.","I can fully agree to this proposal."
der Ansicht sein,to be of the opinion,"Ich bin der Ansicht, dass wir warten sollten.","I am of the opinion that we should wait."
ein Meeting abhalten,to hold a meeting,"Wir müssen dringend ein Meeting abhalten.","We urgently need to hold a meeting."
einen Termin vorziehen,to bring forward an appointment,"Können wir den Termin auf Dienstag vorziehen?","Can we bring the appointment forward to Tuesday?"
der Beamer,video projector,"Der Beamer ist leider defekt.","The video projector is unfortunately broken."
die Besprechungsunterlagen,meeting documents,"Haben alle die Besprechungsunterlagen erhalten?","Has everyone received the meeting documents?"
der Flipchart,flip chart,"Schreiben Sie die Ideen bitte auf den Flipchart.","Please write the ideas on the flip chart."
der Internetzugang,Internet access,"Hier im Raum gibt es keinen Internetzugang.","There is no internet access here in the room."
die Leinwand,screen,"Bitte fahren Sie die Leinwand herunter.","Please lower the screen."
die Moderationskarten (Pl.),presentation cards,"Benutzen Sie Moderationskarten für Ihren Vortrag.","Use presentation cards for your talk."
der Moderationskoffer,presentation case,"Im Moderationskoffer fehlen Stifte.","Pens are missing in the presentation case."
der Netzwerkanschluss,network connection,"Ich brauche einen Netzwerkanschluss für meinen Laptop.","I need a network connection for my laptop."
die Pinnwand,pinboard,"Wir sammeln die Karten an der Pinnwand.","We adhere the cards to the pinboard."
der Tagungsraum,conference room,"Der Tagungsraum ist klimatisiert.","The conference room is air-conditioned."
das Whiteboard,whiteboard,"Bitte wischen Sie das Whiteboard nach Benutzung ab.","Please wipe the whiteboard after use."
der Ausblick,forecast / outlook,"Der Ausblick für das nächste Quartal ist positiv.","The outlook for the next quarter is positive."
das Controlling,controlling,"Das Controlling hat die Zahlen geprüft.","Controlling has checked the figures."
die Jahresbilanz,annual results / balance sheet,"Die Jahresbilanz weist einen Gewinn aus.","The annual balance sheet shows a profit."
die Prognose,prognosis,"Die Prognose für die Umsatzentwicklung ist gut.","The prognosis for sales development is good."
die Quartalsaufstellung,quarterly statement,"Er präsentiert die Quartalsaufstellung.","He is presenting the quarterly statement."
die Quote,quota,"Wir müssen die Quote erfüllen.","We have to meet the quota."
knapp,just under / scarce,"Der Gewinn lag knapp unter einer Million.","The profit was just under one million."
ungefähr,approximately,"Das Projekt dauert ungefähr drei Monate.","The project takes approximately three months."
die Abdeckung,cover,"Öffnen Sie vorsichtig die Abdeckung des Geräts.","Carefully open the cover of the device."
der Anschlusskontakt,contact,"Prüfen Sie, ob die Anschlusskontakte sauber sind.","Check if the contacts are clean."
das Display,display,"Das Display zeigt eine Fehlermeldung.","The display shows an error message."
der Pfeil,arrow,"Drücken Sie den Pfeil nach oben.","Press the arrow up."
der QR-Code,QR code,"Scannen Sie den QR-Code mit Ihrem Handy.","Scan the QR code with your mobile phone."
der Standort,location,"Das Gerät ermittelt Ihren Standort via GPS.","The device determines your location via GPS."
der Touchscreen,touchscreen,"Der Touchscreen reagiert nicht.","The touchscreen is not responding."
der USB-Anschluss,USB port,"Der Drucker wird über den USB-Anschluss verbunden.","The printer connects via the USB port."
aktualisieren,to update,"Sie müssen die Software regelmäßig aktualisieren.","You must update the software regularly."
einrasten,to click into place,"Lassen Sie den Akku hörbar einrasten.","Let the battery click into place audibly."
einrichten,to install / set up,"Ich helfe Ihnen, das Programm einzurichten.","I will help you set up the program."
herunterladen,to download,"Sie können das Formular online herunterladen.","You can download the form online."
navigieren,to navigate,"Navigieren Sie durch das Menü.","Navigate through the menu."
zoomen,to zoom,"Sie können in das Bild zoomen.","You can zoom into the image."
die Arbeitsunfähigkeit,incapacity to work,"Die Arbeitsunfähigkeit muss vom Arzt bestätigt werden.","Incapacity to work must be confirmed by a doctor."
die Bestimmungen (Pl.),regulations,"Bitte beachten Sie die gesetzlichen Bestimmungen.","Please observe the statutory regulations."
die Freistellung,release from work,"Er hat eine bezahlte Freistellung für die Fortbildung bekommen.","He got a paid release from work for the training."
der Freizeitausgleich,time off in lieu,"Für Überstunden gibt es Freizeitausgleich.","There is time off in lieu for overtime."
das Kalenderjahr,calendar year,"Der Urlaub muss im laufenden Kalenderjahr genommen werden.","Leave must be taken in the current calendar year."
die betriebliche Notwendigkeit,operational necessity,"Urlaub kann bei betrieblicher Notwendigkeit verweigert werden.","Leave can be refused in case of operational necessity."
die Arbeitsschutzschuhe (Pl.),protective shoes,"Im Lager sind Arbeitsschutzschuhe Pflicht.","Protective shoes are mandatory in the warehouse."
die Berufsgruppe,group of professions,"Diese Regelung gilt für alle Berufsgruppen.","This regulation applies to all groups of professions."
die Blutung,bleeding,"Stoppen Sie die Blutung mit einem Verband.","Stop the bleeding with a bandage."
der Ersthelfer,first responder,"Rufen Sie sofort einen Ersthelfer.","Call a first responder immediately."
die Evakuierung,evacuation,"Die Evakuierung des Gebäudes verlief ruhig.","The evacuation of the building proceeded calmly."
der Flucht-/Rettungsweg,escape/emergency route,"Die Fluchtwege müssen immer frei bleiben.","Escape routes must always remain clear."
der Gehörschutz,hearing protection,"Tragen Sie in der Halle bitte Gehörschutz.","Please wear hearing protection in the hall."
der Notausgang,emergency exit,"Der Notausgang ist grün gekennzeichnet.","The emergency exit is marked green."
die Platzwunde,laceration,"Er hat sich eine Platzwunde am Kopf zugezogen.","He suffered a laceration on his head."
der Rettungswagen,ambulance,"Der Rettungswagen war in fünf Minuten da.","The ambulance arrived in five minutes."
die Rutschgefahr,slip hazard,"Vorsicht, hier besteht Rutschgefahr!","Caution, there is a slip hazard here!"
die Sammelstelle,assembly point,"Bei Feueralarm treffen wir uns an der Sammelstelle.","In case of fire alarm, we meet at the assembly point."
der Sanitäter,paramedic,"Der Sanitäter versorgte den Verletzten.","The paramedic treated the injured person."
die Schutzausrüstung,protective equipment,"Ohne Schutzausrüstung darf nicht gearbeitet werden.","Work is not allowed without protective equipment."
die Schutzbrille,safety goggles,"Setzen Sie beim Schweißen eine Schutzbrille auf.","Put on safety goggles when welding."
der Schutzhelm,hard hat,"Auf der Baustelle ist Helmpflicht.","Hard hats are mandatory on the construction site."
die Stolpergefahr,risk of tripping,"Kabel am Boden sind eine Stolpergefahr.","Cables on the floor are a tripping hazard."
das Gleichgewicht verlieren,to lose one’s balance,"Er verlor das Gleichgewicht und fiel von der Leiter.","He lost his balance and fell off the ladder."
Erste Hilfe leisten,to administer first aid,"Jeder Mitarbeiter sollte Erste Hilfe leisten können.","Every employee should be able to administer first aid."
in Gefahr bringen,to put in danger,"Bringen Sie sich nicht selbst in Gefahr.","Do not put yourself in danger."
befolgen,to follow / obey,"Bitte befolgen Sie die Sicherheitsvorschriften.","Please follow the safety regulations."
die Abmahnung,warning,"Er erhielt eine Abmahnung wegen Zuspätkommens.","He received a warning for being late."
die Ausnahmegenehmigung,special authorisation,"Für Nachtarbeit brauchen wir eine Ausnahmegenehmigung.","We need a special authorisation for night work."
die Beförderung,promotion,"Sie hofft auf eine baldige Beförderung.","She is hoping for a promotion soon."
die Führungsqualitäten (Pl.),leadership qualities,"Er besitzt ausgezeichnete Führungsqualitäten.","He possesses excellent leadership qualities."
die Honorartätigkeit,fee-based work,"Sie macht eine Honorartätigkeit neben dem Studium.","She does fee-based work alongside her studies."
der Minijob,mini-job,"Wir suchen eine Aushilfe auf Minijob-Basis.","We are looking for temporary help on a mini-job basis."
die Nebentätigkeit,part-time work / secondary employment,"Jede Nebentätigkeit muss dem Arbeitgeber gemeldet werden.","Any secondary employment must be reported to the employer."
die Sperrzeit,blocking time,"Bei Eigenkündigung droht eine Sperrzeit beim Arbeitslosengeld.","If you resign yourself, you risk a blocking time for unemployment benefits."
der Werkvertrag,contract for work and services,"Der Grafiker arbeitet über einen Werkvertrag.","The graphic designer works via a contract for work and services."
die Zeitarbeit,temporary employment,"Er fand den Einstieg über eine Zeitarbeitsfirma.","He found his entry via a temporary employment agency."
befristet,temporary / limited,"Der Arbeitsvertrag ist auf zwei Jahre befristet.","The employment contract is limited to two years."
beiderseits,mutual,"Der Vertrag wurde beiderseits unterschrieben.","The contract was signed by both sides."
der Ablauf der Kündigungsfrist,expiry of the notice period,"Das Arbeitsverhältnis endet mit Ablauf der Kündigungsfrist.","The employment relationship ends with the expiry of the notice period."
die Anrechnung,crediting,"Die Anrechnung von Vorzeiten ist möglich.","Crediting of previous periods is possible."
die ärztliche Bescheinigung,medical certificate,"Ab dem dritten Tag brauchen wir eine ärztliche Bescheinigung.","From the third day on, we need a medical certificate."
aus betrieblichen Gründen,for operational reasons,"Der Urlaub wurde aus betrieblichen Gründen abgelehnt.","Leave was refused for operational reasons."
die betriebsbedingte Kündigung,redundancy,"Wegen der Krise gab es betriebsbedingte Kündigungen.","Due to the crisis, there were redundancies."
bedarf der Schriftform,requires the written form,"Jede Änderung bedarf der Schriftform.","Any change requires the written form."
die Fortzahlung,continued payment,"Im Krankheitsfall haben Sie Anspruch auf Lohnfortzahlung.","In case of illness, you are entitled to continued payment of wages."
im Homeoffice arbeiten,to work from home,"Darf ich morgen im Homeoffice arbeiten?","May I work from home tomorrow?"
die interne Angelegenheit,internal affairs,"Das ist eine interne Angelegenheit, die nicht nach außen dringen darf.","That is an internal matter that must not leak out."
die regelmäßige Arbeitszeit,regular working hours,"Die regelmäßige wöchentliche Arbeitszeit beträgt 40 Stunden.","The regular weekly working hours are 40 hours."
sich arbeitssuchend melden,to register as a jobseeker,"Sie müssen sich drei Monate vor Ende des Vertrags arbeitssuchend melden.","You must register as a jobseeker three months before the end of the contract."
den Vertrag verlängern,to extend the contract,"Wir möchten Ihren Vertrag gerne verlängern.","We would like to extend your contract."
die Arbeitslosenversicherung,unemployment insurance,"Die Arbeitslosenversicherung ist eine Pflichtversicherung.","Unemployment insurance is a mandatory insurance."
die Bruttovergütung,gross remuneration,"Die monatliche Bruttovergütung beträgt 3000 Euro.","The monthly gross remuneration is 3000 euros."
die Kirchensteuer,church tax,"Sind Sie kirchensteuerpflichtig?","Are you liable for church tax?"
die Konfession,denomination,"Die Konfession spielt für die Kirchensteuer eine Rolle.","The denomination plays a role for church tax."
die Lohnsteuer,wage tax,"Die Lohnsteuer wird direkt vom Gehalt abgezogen.","Wage tax is deducted directly from the salary."
der Nettoverdienst,net earnings,"Vom Brutto bleibt ein Nettoverdienst übrig.","Net earnings remain from the gross."
die Pflegeversicherung,long-term care insurance,"Jeder Arbeitnehmer zahlt in die Pflegeversicherung ein.","Every employee pays into the long-term care insurance."
die Rentenversicherung,pension insurance,"Die Rentenversicherung dient der Altersvorsorge.","Pension insurance serves as old-age provision."
der Solidaritätszuschlag,solidarity surcharge,"Der Solidaritätszuschlag wurde teilweise abgeschafft.","The solidarity surcharge was partially abolished."
die Steuerklasse,tax bracket,"Nach der Heirat wechselten sie die Steuerklasse.","After marriage, they changed tax brackets."
abziehen,to subtract / deduct,"Steuern werden vom Bruttolohn abgezogen.","Taxes are deducted from the gross wage."
einbehalten,to retain / withhold,"Der Arbeitgeber muss die Lohnsteuer einbehalten.","The employer must withhold the wage tax."
die Belegschaft,workforce,"Die gesamte Belegschaft wurde informiert.","The entire workforce was informed."
die Gleichberechtigung,equal rights,"Wir setzen uns für Gleichberechtigung am Arbeitsplatz ein.","We advocate for equal rights in the workplace."
die Integration,integration,"Die Integration neuer Mitarbeiter ist wichtig.","The integration of new employees is important."
der Nachfolger,successor,"Wir suchen einen Nachfolger für den Abteilungsleiter.","We are looking for a successor for the department head."
der Schwerbehinderte,severely disabled person,"Schwerbehinderte genießen besonderen Kündigungsschutz.","Severely disabled persons enjoy special protection against dismissal."
Neue Wörter,New words,"Example sentence here","Translation here"
auflösen,to dissolve / to break up,"Das Salz lässt sich in warmem Wasser leicht auflösen.","The salt dissolves easily in warm water."
leichtfallen,to come easily (to someone),"Das Lernen von Sprachen ist ihm schon immer leichtgefallen.","Learning languages has always come easily to him."
austeilen,to hand out / distribute,"Der Lehrer hat heute die korrigierten Prüfungen ausgeteilt.","The teacher handed out the corrected exams today."
auffordern,to request / call upon,"Sie forderte ihn auf, das Zimmer sofort zu verlassen.","She requested him to leave the room immediately."
die Aussicht,the view / prospect,"Von diesem Berg hat man eine fantastische Aussicht.","One has a fantastic view from this mountain."
erzeugen,to produce / generate,"Windräder erzeugen umweltfreundlichen Strom.","Wind turbines generate environmentally friendly electricity."
die Unstimmigkeit,discrepancy / disagreement,"Es gab einige Unstimmigkeiten im Vertrag.","There were some discrepancies in the contract."
die Verteilung,the distribution,"Die Verteilung der Hilfsgüter war gut organisiert.","The distribution of relief goods was well organized."
vorkommen,to happen / to occur,"So ein Fehler ist mir bisher noch nie vorgekommen.","Such a mistake has never happened to me before."
der Vorwurf,the accusation / reproach,"Mach dir bitte keine Vorwürfe wegen des Unfalls.","Please don't reproach yourself regarding the accident."
betreiben,to operate / conduct,"Meine Großeltern betreiben seit Jahren ein kleines Café.","My grandparents have operated a small café for years."
der Geruchssinn,the sense of smell,"Hunde haben einen weitaus besseren Geruchssinn als Menschen.","Dogs have a far better sense of smell than humans."
einrichten,to set up / furnish,"Wir müssen die neue Wohnung noch komplett einrichten.","We still need to completely furnish the new apartment."
betreuen,to look after / supervise,"Wer betreut die Kinder, wenn du auf der Arbeit bist?","Who looks after the children when you are at work?"
die Durchführung,implementation / execution,"Die Durchführung des Projekts wird zwei Monate dauern.","The execution of the project will take two months."
übersichtlich,clear / easy to survey,"Die neue App ist sehr übersichtlich gestaltet.","The new app is designed to be very clear."
umfangreich,extensive / comprehensive,"Das Buch bietet eine umfangreiche Analyse des Themas.","The book offers an extensive analysis of the topic."
die Anschrift,the address,"Bitte geben Sie Ihre aktuelle Anschrift in das Formular ein.","Please enter your current address into the form."
konkurrenzfähig,competitive,"Unsere Preise müssen auf dem Weltmarkt konkurrenzfähig bleiben.","Our prices must remain competitive on the world market."
erregen,to stir up / excite / cause,"Die Nachricht hat in der Stadt großes Aufsehen erregt.","The news caused a great sensation in the city."
verankern,to anchor / establish,"Die Meinungsfreiheit ist fest im Grundgesetz verankert.","Freedom of opinion is firmly anchored in the constitution."
zutrauen,to trust (someone) to do,"Ich traue dir zu, diese schwierige Aufgabe allein zu lösen.","I trust you to solve this difficult task alone."
beibringen,to teach (a skill),"Mein Vater hat mir letztes Jahr das Kochen beigebracht.","My father taught me how to cook last year."
jeweilig,respective / particular,"Bitte beachten Sie die jeweiligen Sicherheitsvorschriften.","Please observe the respective safety regulations."
Neue Wörter,New words,"Example sentence here","Translation here"
unterbringen,to accommodate / house,"Wir konnten alle Gäste im Hotel unterbringen.","We were able to accommodate all guests in the hotel."
gewaltig,enormous / powerful,"Der Sturm hat gewaltige Schäden in der Stadt angerichtet.","The storm caused enormous damage in the city."
vermehren (sich),to increase / multiply,"Die Bakterien vermehren sich bei Wärme sehr schnell.","Bacteria multiply very quickly in warmth."
wischen,to wipe / mop,"Kannst du bitte den Tisch kurz abwischen?","Can you please wipe the table quickly?"
herrenlos,stray / ownerless,"Die Polizei hat einen herrenlosen Koffer am Bahnhof gefunden.","The police found an unattended suitcase at the station."
verwahrlost,neglected / dilapidated,"Der Garten sieht völlig verwahrlost aus.","The garden looks completely neglected."
zufügen,to inflict / cause (harm),"Ich wollte dir mit meiner Kritik keinen Schmerz zufügen.","I did not want to cause you any pain with my criticism."
einhaken,to hook in / link arms,"Sie hakte sich bei ihrem Mann ein, als sie spazieren gingen.","She linked arms with her husband as they went for a walk."
beliefern,to supply / deliver to,"Die Bäckerei beliefert täglich mehrere Cafés.","The bakery supplies several cafes daily."
das Reh,the deer / doe,"Im Morgengrauen haben wir ein Reh am Waldrand gesehen.","At dawn, we saw a deer at the edge of the forest."
unzählig,countless / innumerable,"Es gibt unzählige Sterne am Nachthimmel.","There are countless stars in the night sky."
innerhalb,within / inside of,"Bitte bezahlen Sie die Rechnung innerhalb von 14 Tagen.","Please pay the invoice within 14 days."
kostbar,precious / valuable,"Zeit ist unser kostbarstes Gut.","Time is our most precious asset."
die Dürre,the drought,"Die langanhaltende Dürre schadet der Landwirtschaft.","The long-lasting drought is harming agriculture."
fließend,fluent / flowing,"Nach zwei Jahren in Berlin sprach er fließend Deutsch.","After two years in Berlin, he spoke fluent German."
damalig,then / at that time,"Mein damaliger Lehrer hat mich sehr inspiriert.","My teacher at that time inspired me a lot."
das Gewissen,the conscience,"Er hat ein schlechtes Gewissen, weil er den Termin vergessen hat.","He has a guilty conscience because he forgot the appointment."
maßgeblich,significant / decisive,"Sie war maßgeblich am Erfolg der Verhandlungen beteiligt.","She played a decisive role in the success of the negotiations."
der Verstand,the mind / intellect / reason,"Benutz doch bitte deinen gesunden Menschenverstand!","Please just use your common sense!"
der Vordergrund,the foreground,"Im Vordergrund des Fotos sieht man spielende Kinder.","In the foreground of the photo, one can see playing children."
der Hintergrund,the background,"Was ist der Hintergrund dieser Entscheidung?","What is the background of this decision?"
drauf,on it / atop (colloquial),"Leg das Buch einfach oben drauf.","Just put the book on top."
Neue Wörter,New words,"Example sentence here","Translation here"
der Hinflug,the outward flight,"Der Hinflug nach Tokio dauert elf Stunden.","The outward flight to Tokyo takes eleven hours."
der Rückflug,the return flight,"Wann ist dein Rückflug für Sonntag geplant?","When is your return flight scheduled for Sunday?"
dazugehörig,associated / belonging,"Hier ist die Tasche und das dazugehörige Kabel.","Here is the bag and the associated cable."
erheblich,considerable / significant,"Es gibt erhebliche Unterschiede zwischen den Preisen.","There are significant differences between the prices."
der Hafen,the harbor / port,"Die Schiffe liegen sicher im Hafen.","The ships are lying safely in the harbor."
stammen,to originate / stem,"Dieser Wein stammt aus einem kleinen Dorf in Italien.","This wine comes from a small village in Italy."
die Unannehmlichkeit,inconvenience,"Wir entschuldigen uns für die Unannehmlichkeit.","We apologize for the inconvenience."
vermeiden,to avoid,"Man sollte Stress so gut wie möglich vermeiden.","One should avoid stress as much as possible."
geeignet,suitable / appropriate,"Dieser Film ist nicht für Kinder geeignet.","This film is not suitable for children."
unaufdringlich,unobtrusive / discreet,"Das Parfüm hat einen angenehmen, unaufdringlichen Duft.","The perfume has a pleasant, unobtrusive scent."
zweckmäßig,practical / functional,"Die Kleidung für die Wanderung sollte zweckmäßig sein.","The clothing for the hike should be practical."
vornehm,posh / elegant,"Sie wohnen in einem sehr vornehmen Viertel.","They live in a very posh neighborhood."
vergnügen (sich),to enjoy oneself,"Die Kinder vergnügen sich auf dem Spielplatz.","The children are enjoying themselves on the playground."
zahlreich,numerous,"Es gab zahlreiche Beschwerden über den Lärm.","There were numerous complaints about the noise."
streichen,to paint / to cancel,"Wir haben das Wohnzimmer hellblau gestrichen.","We painted the living room light blue."
abreisen / anreisen,to depart / to arrive,"Die Gäste sind gestern Abend bereits abgereist.","The guests already departed yesterday evening."
die Bestätigung,the confirmation,"Ich warte noch auf die Bestätigung meiner Buchung.","I am still waiting for the confirmation of my booking."
erfragen,to inquire / find out,"Die genauen Details müssen wir erst noch erfragen.","We still have to inquire about the exact details."
umarmen,to hug,"Sie umarmten sich herzlich zur Begrüßung.","They hugged each other warmly in greeting."
erkunden,to explore,"Wir wollen morgen die Altstadt erkunden.","We want to explore the old town tomorrow."
erben,to inherit,"Er hat das Haus von seinem Großvater geerbt.","He inherited the house from his grandfather."
umfassend,comprehensive,"Das Buch bietet eine umfassende Übersicht.","The book offers a comprehensive overview."
der Auflauf,the casserole / crowd,"Meine Mutter macht den besten Nudelauflauf.","My mother makes the best noodle casserole."
erwischen,to catch / nab,"Ich habe ihn beim Lügen erwischt.","I caught him lying."
das Leder,the leather,"Meine neue Tasche ist aus echtem Leder gefertigt.","My new bag is made of genuine leather."
die Umschreibung,paraphrase / description,"Das Wort ist eine gute Umschreibung für diesen Zustand.","The word is a good description for this condition."
der Auswanderer,the emigrant / expat,"Viele Auswanderer ziehen wegen des Wetters nach Spanien.","Many emigrants move to Spain because of the weather."
hinweisen (auf + Akk),to point out / refer to,"Der Lehrer hat auf die Fehler in der Prüfung hingewiesen.","The teacher pointed out the mistakes in the exam."
verbinden,to connect / link,"Diese Brücke verbindet die beiden Stadtteile.","This bridge connects the two parts of the city."
animieren (zu + Dat),to encourage / animate,"Die Sonne animiert uns zu einem langen Spaziergang.","The sun encourages us to take a long walk."
der Appell,the appeal,"Der Politiker richtete einen dringenden Appell an das Volk.","The politician directed an urgent appeal to the people."
begrenzt,limited / finite,"Die Plätze für den Kurs sind leider stark begrenzt.","The places for the course are unfortunately strictly limited."
der Duft,the fragrance / scent,"Der Duft von frischem Kaffee am Morgen ist herrlich.","The scent of fresh coffee in the morning is wonderful."
der Gipfel,the peak / summit,"Nach fünf Stunden haben wir endlich den Gipfel erreicht.","After five hours we finally reached the summit."
die Offenheit,the openness / candor,"Ich schätze deine Offenheit in dieser schwierigen Angelegenheit.","I appreciate your openness in this difficult matter."
subventionieren,to subsidize,"Der Staat subventioniert umweltfreundliche Technologien.","The state subsidizes environmentally friendly technologies."
der Schatz,the treasure / darling,"Die Kinder suchten im Garten nach einem vergrabenen Schatz.","The children looked for a buried treasure in the garden."
zusammenzählen,to add up,"Wenn man alles zusammenzählt, ist es doch recht teuer.","When you add everything up, it is quite expensive."
die Beschaffung,the procurement,"Die Beschaffung der Materialien dauert länger als geplant.","The procurement of materials is taking longer than planned."
der/die Anhalter/in,the hitchhiker,"Wir haben einen Anhalter mit in die nächste Stadt genommen.","We took a hitchhiker with us to the next city."
solange,as long as,"Solange es regnet, bleiben wir lieber im Haus.","As long as it is raining, we prefer to stay indoors."
die Abfolge,the sequence / order,"Die chronologische Abfolge der Ereignisse ist unklar.","The chronological sequence of events is unclear."
gesellschaftlich,social / societal,"Das ist eine wichtige gesellschaftliche Debatte.","That is an important societal debate."
der/die Einheimische,the local / native,"Die Einheimischen kennen die besten Restaurants der Stadt.","The locals know the best restaurants in the city."
die Ablehnung,the rejection / denial,"Sein Vorschlag stieß leider auf allgemeine Ablehnung.","His proposal unfortunately met with general rejection."
ausnutzen,to exploit / use,"Er hat meine Gutmütigkeit schamlos ausnutzt.","He shamelessly exploited my good nature."
bezweifeln,to doubt / dispute,"Ich bezweifle, dass dieser Plan wirklich funktioniert.","I doubt that this plan will really work."
der Auszug,the excerpt / move-out,"Dies ist ein kurzer Auszug aus seinem neuen Roman.","This is a short excerpt from his new novel."
auszeichnen,to distinguish / award,"Er wurde für seine Leistungen ausgezeichnet.","He was awarded for his achievements."
darüber hinaus,furthermore / besides,"Es ist teuer und darüber hinaus unnötig.","It is expensive and furthermore unnecessary."
entscheiden,to decide,"Wir müssen uns bald entscheiden.","We have to decide soon."
die Angabe,statement / detail,"Alle Angaben sind ohne Gewähr.","All information is subject to change (without guarantee)."
schweben,to float / hover,"Die Wolken schweben über den Bergen.","The clouds are floating above the mountains."
entsprechen,to correspond to,"Das Ergebnis entspricht meinen Erwartungen.","The result corresponds to my expectations."
komischerweise,strangely enough,"Komischerweise habe ich ihn heute nicht gesehen.","Strangely enough, I didn't see him today."
nachholen,to catch up on,"Ich muss den verpassten Stoff nachholen.","I have to catch up on the missed material."
richten (nach + D),to align with / follow,"Ich richte mich ganz nach deinen Wünschen.","I will align myself entirely with your wishes."
abbestellen,to cancel (a sub/order),"Ich habe die Zeitung abbestellt.","I canceled the newspaper subscription."
ausdauernd,persistent / enduring,"Sie ist eine sehr ausdauernde Läuferin.","She is a very enduring runner."
sinkend,decreasing / falling,"Die Preise sind momentan sinkend.","Prices are currently falling."
die Verzeihung,the forgiveness,"Ich bitte vielmals um Verzeihung.","I ask for forgiveness many times over."
verzeihen,to forgive,"Kannst du mir bitte verzeihen?","Can you please forgive me?"
humorvoll,humorous,"Er erzählte eine humorvolle Geschichte.","He told a humorous story."
schüchtern,shy,"Das Kind ist fremden gegenüber schüchtern.","The child is shy towards strangers."
verärgert,angry / annoyed,"Sie war sichtlich verärgert über den Fehler.","She was visibly annoyed about the mistake."
vermeintlich,alleged / supposed,"Es war nur ein vermeintliches Problem.","It was only a supposed problem."
zierlich,delicate / dainty,"Sie hat eine zierliche Figur.","She has a petite figure."
heikel,delicate / awkward,"Das ist eine heikle Angelegenheit.","That is a delicate matter."
die Verteidigung,the defense,"Die Verteidigung des Titels war schwer.","The defense of the title was difficult."
alleinstehend,single / unmarried,"Sie ist eine alleinstehende Frau.","She is a single woman."
verfassen,to write / compose,"Er hat einen langen Brief verfasst.","He wrote a long letter."
die Ferne,the distance,"In der Ferne sah man die Lichter der Stadt.","In the distance, one could see the lights of the city."
flach,flat / shallow,"Das Wasser hier am Ufer ist sehr flach.","The water here at the shore is very shallow."
beklagen,to complain / lament,"Viele Bürger beklagen die hohen Mietpreise.","Many citizens complain about the high rental prices."
der Drehbuchautor,the screenwriter,"Der Drehbuchautor schreibt gerade an einem neuen Krimi.","The screenwriter is currently writing a new thriller."
einleuchtend,illuminating / logical,"Deine Erklärung für das Problem ist absolut einleuchtend.","Your explanation for the problem is absolutely plausible."
die Gegenwartsliteratur,contemporary literature,"In der Uni haben wir viel über Gegenwartsliteratur gelernt.","At university we learned a lot about contemporary literature."
die Vorsorge,precaution / provision,"Regelmäßige Vorsorge ist wichtig für die Gesundheit.","Regular preventive care is important for health."
die Ausrede,the excuse,"Das ist doch nur eine schlechte Ausrede für dein Zuspätkommen!","That is just a bad excuse for your lateness!"
ersetzen,to replace,"Wir müssen die alte Batterie durch eine neue ersetzen.","We have to replace the old battery with a new one."
fressen,to eat (for animals),"Der Hund hat sein Futter in Sekundenschnelle gefressen.","The dog ate its food in seconds."
die Begeisterung,enthusiasm,"Ihre Begeisterung für Musik ist wirklich ansteckend.","Her enthusiasm for music is really contagious."
ernst nehmen,to take seriously,"Du solltest die Warnungen deines Arztes ernst nehmen.","You should take your doctor's warnings seriously."
fordern / fördern,to demand / to promote,"Die Arbeiter fordern mehr Lohn; der Staat fördert Bildung.","The workers demand higher wages; the state promotes education."
gegenwärtig,current / present,"Die gegenwärtige Situation erfordert viel Geduld.","The current situation requires a lot of patience."
souverän,confident / sovereign,"Sie hat die schwierige Prüfung ganz souverän gemeistert.","She mastered the difficult exam quite confidently."
zufällig,accidental / by chance,"Ich habe ihn gestern ganz zufällig im Supermarkt getroffen.","I met him yesterday quite by chance in the supermarket."
zwingen,to force,"Niemand kann dich zwingen, diese Entscheidung zu treffen.","No one can force you to make this decision."
beabsichtigen,to intend,"Wir beabsichtigen, nächstes Jahr nach Kanada zu ziehen.","We intend to move to Canada next year."
gestatten,to allow / permit,"Rauchen ist in diesem Gebäude nicht gestattet.","Smoking is not permitted in this building."
gezwungen sein,to be forced to,"Wegen des Regens waren wir gezwungen, drinnen zu bleiben.","Because of the rain we were forced to stay inside."
der Fettfleck,the grease stain,"Wie bekomme ich diesen Fettfleck aus meiner Krawatte?","How do I get this grease stain out of my tie?"
einschätzen,to assess / estimate,"Es ist schwer, die Kosten für die Renovierung einzuschätzen.","It is difficult to estimate the costs for the renovation."
bereuen,to regret,"Ich habe es nie bereut, diese Reise gemacht zu haben.","I have never regretted taking this trip."
die Konkurrenz,the competition,"Die Konkurrenz auf dem Markt ist momentan sehr groß.","The competition in the market is currently very great."
heimisch,domestic / local,"Wir verwenden für das Essen nur heimische Produkte.","We use only local products for the food."
gewöhnen (sich) (an + A),to get used to,"Ich muss mich erst noch an das frühe Aufstehen gewöhnen.","I still have to get used to getting up early."
Neue Wörter,New words,"Example sentence here","Translation here"
die Anlage,the facility / investment,"Die neue sportliche Anlage ist sehr modern.","The new sports facility is very modern."
der Aufschwung,the upturn / improvement,"Die Wirtschaft erlebt gerade einen großen Aufschwung.","The economy is currently experiencing a major upturn."
aufteilen,to split / divide,"Wir sollten die Kosten für das Abendessen aufteilen.","We should split the costs for dinner."
erwerben,to purchase / acquire,"Er hat das Haus von seinem Onkel erworben.","He acquired the house from his uncle."
überstehen,to withstand / get through,"Wir haben die schwierige Zeit gemeinsam überstanden.","We got through the difficult time together."
überwiegend,prevailing / predominantly,"Die Gäste waren überwiegend mit dem Service zufrieden.","The guests were predominantly satisfied with the service."
verknüpfen,to link / connect,"Man kann Theorie und Praxis in diesem Projekt gut verknüpfen.","One can link theory and practice well in this project."
darstellen,to represent / portray,"Der Schauspieler hat die Rolle sehr überzeugend dargestellt.","The actor portrayed the role very convincingly."
fortlaufen,to run away / continue,"Die Zeit läuft uns langsam fort.","Time is slowly running away from us."
hinfallen,to fall down,"Pass auf, dass du auf dem glatten Eis nicht hinfällst!","Watch out that you don't fall on the slippery ice!"
weglaufen,to run away,"Der Hund ist weggelaufen, als er das Feuerwerk hörte.","The dog ran away when he heard the fireworks."
die Versuchung,the temptation,"Schokolade ist für mich eine große Versuchung.","Chocolate is a great temptation for me."
enthalten,to contain,"Dieser Saft enthält keinen künstlichen Zucker.","This juice contains no artificial sugar."
entstehen,to arise / develop,"Hier soll in den nächsten Jahren ein neuer Park entstehen.","A new park is supposed to arise here in the next few years."
das Vergnügen,the pleasure / fun,"Es war mir ein großes Vergnügen, Sie kennenzulernen.","It was a great pleasure for me to meet you."
verraten,to betray / reveal,"Bitte verrate niemandem mein Geheimnis.","Please don't reveal my secret to anyone."
die Vermutung,the assumption / guess,"Das ist bisher nur eine Vermutung, kein Fakt.","That is so far only an assumption, not a fact."
ekelig,disgusting,"Ich finde den Geruch von altem Fisch total ekelig.","I find the smell of old fish totally disgusting."
herzhaft,hearty / savory,"Nach der Wanderung hatten wir Lust auf ein herzhaftes Essen.","After the hike we felt like a hearty meal."
anregen (zu + Dat),to encourage / stimulate,"Das Buch hat mich zum Nachdenken angeregt.","The book stimulated me to think."
fließen,to flow,"Der Rhein fließt durch mehrere europäische Länder.","The Rhine flows through several European countries."
mühevoll,laborious / arduous,"Die Renovierung des alten Hauses war sehr mühevoll.","The renovation of the old house was very arduous."
verringern,to reduce / decrease,"Wir müssen versuchen, unsere Ausgaben zu verringern.","We must try to reduce our expenses."
schwerfallen,to be difficult (for someone),"Es fällt mir schwer, morgens so früh aufzustehen.","It is difficult for me to get up so early in the morning."
beziehungsweise,or rather / respectively,"Wir treffen uns am Montag bzw. am Dienstag.","We are meeting on Monday or Tuesday, respectively."
Leistungshoch/-tief,performance peak / low,"Nach dem Mittagessen habe ich meistens ein Leistungstief.","After lunch I usually have a performance slump."
verstellen (Uhr),to adjust / move (clock),"Im Frühling wird die Uhr um eine Stunde vorgestellt.","In spring the clock is set forward by one hour."
überfordert,overwhelmed,"Er fühlte sich mit der neuen Aufgabe völlig überfordert.","He felt completely overwhelmed with the new task."
der Gliederungspunkt,the outline point / item,"Kommen wir nun zum nächsten Gliederungspunkt der Präsentation.","Let us now come to the next item of the presentation."
der Absatz,the paragraph / sales,"Bitte lesen Sie den zweiten Absatz auf Seite zehn.","Please read the second paragraph on page ten."
davon,from it / thereof,"Ich habe davon gehört, aber ich weiß keine Details.","I have heard of it, but I don't know any details."
die Ernüchterung,disillusionment / sobering,"Nach dem ersten Erfolg folgte schnell die Ernüchterung.","Disillusionment quickly followed the initial success."
unterbringen,to accommodate,"Wir konnten alle Gäste im Haus unterbringen.","We were able to accommodate all guests in the house."
pflegen,to care for / maintain,"Sie pflegt ihren Garten mit sehr viel Liebe.","She cares for her garden with a lot of love."
fassen,to grasp / seize,"Ich kann dieses Glück kaum fassen.","I can hardly grasp this luck."
gelingen,to succeed,"Der Kuchen ist dir wirklich sehr gut gelungen.","The cake turned out really well for you."
aushängen,to post / unhinge,"Der neue Plan wurde am Schwarzen Brett ausgehängt.","The new plan was posted on the bulletin board."
die Sternschnuppe,the shooting star,"Hast du die Sternschnuppe am Nachthimmel gesehen?","Did you see the shooting star in the night sky?"
die Ansicht,the opinion / view,"Ich bin der Ansicht, dass wir mehr Zeit brauchen.","I am of the opinion that we need more time."
die Überschrift,the heading / title,"Die Überschrift des Artikels ist sehr reißerisch.","The headline of the article is very sensational."
abergläubisch,superstitious,"Er ist sehr abergläubisch und geht nie unter Leitern durch.","He is very superstitious and never walks under ladders."
bloß,just / only / naked,"Ich wollte bloß kurz hallo sagen.","I just wanted to say hello briefly."
greifen,to grasp / reach,"Sie greift nach dem Glas auf dem Tisch.","She reaches for the glass on the table."
die Kaffeekanne,the coffee pot,"Die Kaffeekanne steht fertig in der Küche.","The coffee pot is ready in the kitchen."
das Schicksal,the fate / destiny,"Manchmal muss man sein Schicksal selbst in die Hand nehmen.","Sometimes you have to take your fate into your own hands."
das Missgeschick,the misfortune / mishap,"Ein kleines Missgeschick ruinierte ihr weißes Kleid.","A small mishap ruined her white dress."
der Spiegel,the mirror,"Sie schaute kurz in den Spiegel, bevor sie ging.","She looked briefly in the mirror before she left."
verlaufen,to proceed / run,"Das Gespräch ist sehr positiv verlaufen.","The conversation went very positively."
riesig,huge / giant,"Wir hatten einen riesigen Spaß auf der Party.","We had huge fun at the party."
ständig,constant(ly),"Es regnet hier in letzter Zeit ständig.","It has been raining constantly here lately."
auffällig,conspicuous / flashy,"Sein auffälliges Verhalten machte alle nervös.","His conspicuous behavior made everyone nervous."
gemütlich,cozy / comfortable,"Machen wir es uns im Wohnzimmer gemütlich.","Let's make ourselves comfortable in the living room."
immerhin,anyway / at least,"Es war teuer, aber immerhin ist die Qualität gut.","It was expensive, but at least the quality is good."
die Mauer,the wall,"Die alte Mauer muss dringend repariert werden.","The old wall needs to be repaired urgently."
weitsichtig,long-sighted / far-sighted,"Seine weitsichtige Planung rettete das Unternehmen.","His far-sighted planning saved the company."
wesentlich,considerably / essential,"Das ist ein wesentlicher Punkt in unserer Diskussion.","That is an essential point in our discussion."
laufend,continuous(ly) / current,"Ich halte dich über die laufenden Kosten informiert.","I will keep you informed about the running costs."
widmen,to devote / dedicate,"Sie widmet ihre ganze Freizeit ihrem neuen Hobby.","She devotes all her free time to her new hobby."
ablegen,to put down / take (an exam),"Ich möchte im Sommer meine Sprachprüfung ablegen.","I would like to take my language exam in the summer."
würfeln,to roll a dice,"Wer ist an der Reihe zu würfeln?","Whose turn is it to roll the dice?"
der Würfel,the die (dice),"Der Würfel ist unter den Tisch gefallen.","The die fell under the table."
aufbrechent,to set out / break open,"Wir müssen morgen sehr früh zum Flughafen aufbrechen.","We have to set out for the airport very early tomorrow."
lächerlich,ridiculous / laughable,"Der Preis für dieses alte Auto ist absolut lächerlich.","The price for this old car is absolutely ridiculous."
merkwürdig,strange / odd,"Es ist merkwürdig, dass er heute nicht angerufen hat.","It is strange that he didn't call today."
verzweifelt,desperate,"Sie war verzweifelt, weil sie ihren Schlüssel verloren hatte.","She was desperate because she had lost her key."
der Herzinfarkt,the heart attack,"Er musste nach einem Herzinfarkt im Krankenhaus bleiben.","He had to stay in the hospital after a heart attack."
die Unterhaltung,the conversation / entertainment,"Vielen Dank für die interessante Unterhaltung!","Thank you very much for the interesting conversation!"
die Spannung,the tension / suspense,"Die Spannung im Film war kaum zu ertragen.","The suspense in the film was hard to bear."
andauern,to last / persist,"Der Regen wird vermutlich noch den ganzen Tag andauern.","The rain will probably last the whole day."
geistreich,witty / ingenious,"Er machte eine sehr geistreiche Bemerkung zum Thema.","He made a very witty remark on the topic."
räumen,to clear / vacate,"Wir müssen das Zimmer bis morgen Mittag räumen.","We must vacate the room by noon tomorrow."
der Zeichner,the illustrator / draftsman,"Der Zeichner arbeitet an einem neuen Comic-Heft.","The illustrator is working on a new comic book."
ausschließlich,exclusively,"Dieses Angebot gilt ausschließlich für Neukunden.","This offer applies exclusively to new customers."
einen Gegenvorschlag machen,to make a counterproposal,"Wenn Sie mit dem Preis nicht einverstanden sind, machen Sie bitte einen Gegenvorschlag.","If you do not agree with the price, please make a counterproposal."
den Laptop herunterfahren,to shut down the laptop,"Vergessen Sie nicht, am Feierabend den Laptop herunterzufahren.","Do not forget to shut down the laptop at the end of the workday."
zustimmen,to agree,"Ich kann deinem Plan in allen Punkten zustimmen.","I can agree with your plan on all points."
der Aufkleber,the sticker / label,"Auf dem Paket klebt ein auffälliger roter Aufkleber.","A conspicuous red sticker is stuck to the package."
der Aussteller,the exhibitor / issuer,"Die Aussteller auf der Messe präsentieren ihre neuesten Produkte.","The exhibitors at the trade fair are presenting their latest products."
der Veranstalter,the organizer,"Der Veranstalter hat das Konzert wegen des Regens abgesagt.","The organizer cancelled the concert because of the rain."
einzigartig,unique / one of a kind,"Das Design dieses Gebäudes ist wirklich einzigartig.","The design of this building is truly unique."
das Skonto,cash discount,"Bei Zahlung innerhalb von 7 Tagen gewähren wir 2 % Skonto.","For payment within 7 days we grant a 2% cash discount."
die Vorauszahlung,advance payment,"Für die Reservierung ist eine Vorauszahlung erforderlich.","An advance payment is required for the reservation."
keine Garantie übernehmen,to give no warranty,"Wir können für gebrauchte Waren leider keine Garantie übernehmen.","Unfortunately, we cannot assume any warranty for used goods."
im Anhang,in the attachment,"Die Rechnung finden Sie als PDF-Datei im Anhang dieser E-Mail.","You will find the invoice as a PDF file in the attachment of this email."
der Versand,shipping / dispatch,"Der Versand der Ware erfolgt meist innerhalb von 24 Stunden.","Shipping of the goods usually takes place within 24 hours."
frühestens / höchsten / mindestens,at the earliest / at most / at least,"Das Paket kommt frühestens am Mittwoch bei Ihnen an.","The package will arrive at your place on Wednesday at the earliest."
der Vorwurf,the reproach / accusation,"Er machte ihr den Vorwurf, nicht rechtzeitig informiert zu haben.","He reproached her for not having informed him in time."
etw. bedauern,to regret sth.,"Wir bedauern sehr, dass Sie mit unserem Service unzufrieden sind.","We regret very much that you are dissatisfied with our service."
etw. weitergeben,to pass sth. on,"Können Sie diese Information bitte an Ihre Kollegen weitergeben?","Can you please pass this information on to your colleagues?"
sich in die Situation versetzen,to put oneself in the situation,"Versuchen Sie bitte, sich in die Situation des Kunden zu versetzen.","Please try to put yourself in the customer's situation."
um Verständnis bitten,to ask for understanding,"Wegen der Verspätung bitten wir alle Fahrgäste um Verständnis.","Because of the delay, we ask all passengers for their understanding."
Verständnis zeigen,to show understanding,"Der Chef zeigte viel Verständnis für ihre persönliche Notlage.","The boss showed a lot of understanding for her personal emergency."
einen Fehler beheben,to fix/rectify a mistake,"Unser Techniker wird den technischen Fehler sofort beheben.","Our technician will rectify the technical error immediately."
einen Fehler zugeben,to admit a mistake,"Es gehört Mut dazu, einen eigenen Fehler offen zuzugeben.","It takes courage to openly admit one's own mistake."
widersprechen,to contradict,"Ich muss Ihnen leider widersprechen, die Zahlen stimmen nicht.","Unfortunately I have to contradict you, the numbers are not correct."
die Abmahnung,(formal) warning / reprimand,"Nach dem dritten Zuspätkommen erhielt er eine schriftliche Abmahnung.","After the third late arrival he received a written warning."
die Ausnahmegenehmigung,special permit / exception,"Für das Parken in der Fußgängerzone braucht man eine Ausnahmegenehmigung.","You need a special permit for parking in the pedestrian zone."
Neue Wörter,New words,"Example sentence here","Translation here"
die Zugangsvoraussetzung,Admission requirement,"Was ist die wichtigste Zugangsvoraussetzung für das Studium?","What is the most important admission requirement for the degree program?"
die beglaubigte Kopie,Certified copy,"Ich brauche eine beglaubigte Kopie meines Zeugnisses.","I need a certified copy of my certificate."
die beglaubigte Übersetzung,Certified translation,"Die Behörde verlangt eine beglaubigte Übersetzung der Geburtsurkunde.","The authority requires a certified translation of the birth certificate."
die Spezialisierung,Specialization,"Seine Spezialisierung liegt im Bereich IT-Sicherheit.","His specialization lies in the field of IT security."
die Anforderung,Requirement / Demand,"Die Anforderungen für diesen Job sind sehr hoch.","The requirements for this job are very high."
verhandlungssicher,Business fluent,"Sie spricht verhandlungssicheres Englisch.","She speaks business fluent English."
die ausgeschriebene Stelle,Advertised position,"Ich interessiere mich für die ausgeschriebene Stelle als Manager.","I am interested in the advertised position as manager."
Quittungen aufheben,To keep receipts,"Du solltest alle Quittungen für die Steuer aufheben.","You should keep all receipts for tax purposes."
der Schwindel,Dizziness / Vertigo,"Nach dem Aufstehen fühlte er einen leichten Schwindel.","After getting up, he felt a slight dizziness."
die Übelkeit,Nausea,"Die Tabletten verursachen oft Übelkeit.","The tablets often cause nausea."
vorbeikommen,To drop by / stop by,"Kann ich morgen kurz bei dir vorbeikommen?","Can I drop by your place briefly tomorrow?"
die Haltbarkeit,Shelf life / Durability,"Wie lange ist die Haltbarkeit dieser Milch?","What is the shelf life of this milk?"
der Abdruck,Impression / Print,"Der Zahnarzt macht einen Abdruck von meinen Zähnen.","The dentist is making an impression of my teeth."
die provisorische Füllung,Temporary filling,"Ich habe heute nur eine provisorische Füllung bekommen.","I only got a temporary filling today."
die Kinderbetreuung,Childcare,"Die Kinderbetreuung in dieser Stadt ist sehr teuer.","Childcare in this city is very expensive."
die Konkurrenz,Competition,"Unsere Konkurrenz hat ein neues Produkt auf den Markt gebracht.","Our competition has brought a new product to the market."
das Anliegen,Concern / Request,"Was ist Ihr genaues Anliegen?","What is your exact request?"
der Vorfall,Incident,"Die Polizei unterschreibt den Vorfall von letzter Nacht.","The police are investigating the incident from last night."
derzeitig,Current / Present,"Meine derzeitige Adresse ist in Berlin.","My current address is in Berlin."
der Außentermin,Field appointment / Off-site meeting,"Heute Nachmittag habe ich einen wichtigen Außentermin.","I have an important off-site meeting this afternoon."
das Entgegenkommen,Compromise / Courtesy,"Vielen Dank für Ihr Entgegenkommen bei den Preisverhandlungen.","Thank you for your accommodation during the price negotiations."
die Gleitzeit,Flexitime,"Wir haben Gleitzeit und können zwischen 7 und 10 Uhr anfangen.","We have flexitime and can start between 7 and 10 a.m."
alleinerziehend,Single parent,"Es ist nicht einfach, alleinerziehend zu sein.","It is not easy to be a single parent."
das Gewerbegebiet,Industrial estate / Business park,"Unsere Firma befindet sich im Gewerbegebiet am Stadtrand.","Our company is located in the industrial estate on the outskirts."
zustimmen,To agree,"Ich kann deiner Meinung nur zustimmen.","I can only agree with your opinion."
erstaunlich,Amazing / Astonishing,"Es ist erstaunlich, wie schnell er Deutsch lernt.","It is astonishing how quickly he learns German."
belästigen,To bother / To harass,"Entschuldigung, ich möchte Sie nicht belästigen.","Excuse me, I do not want to bother you."
bestreiten,To deny / To dispute,"Er bestreitet, das Geld genommen zu haben.","He denies having taken the money."
vorhersagbar,Predictable,"Das Ende des Films war leider sehr vorhersagbar.","The end of the movie was unfortunately very predictable."
widerwillig,Reluctant / Unwilling,"Er hat die Hausarbeit nur widerwillig erledigt.","He did the housework only reluctantly."
einstürzen,To collapse,"Das alte Gebäude droht einzustürzen.","The old building threatens to collapse."
aufladen,To recharge / To load,"Ich muss mein Handy dringend aufladen.","I urgently need to recharge my cell phone."
sichern,To back up / To secure,"Vergiss nicht, deine Daten regelmäßig zu sichern.","Don't forget to back up your data regularly."
die Gesellschaft,Society / Company,"Wir leben in einer modernen Gesellschaft.","We live in a modern society."
überwältigend,Overwhelming,"Die Aussicht von den Bergen war überwältigend.","The view from the mountains was overwhelming."
bedeutend,Significant / Important,"Das ist eine bedeutende Entdeckung für die Wissenschaft.","That is a significant discovery for science."
vertraulich,Confidential,"Diese Informationen sind streng vertraulich.","This information is strictly confidential."
die Übereinstimmung,Agreement / Consensus,"Wir haben in diesem Punkt eine volle Übereinstimmung.","We have full agreement on this point."
die Falle,Trap,"Er ist direkt in die Falle getappt.","He walked right into the trap."
rein,Purely / Clean,"Das war eine reine Vorsichtsmaßnahme.","That was purely a precautionary measure."
beschäftigen,To employ / To occupy,"Die Firma beschäftigt über 500 Mitarbeiter.","The company employs over 500 employees."
mehr als / weniger als,More than / Less than,"Das kostet mehr als zwanzig Euro.","That costs more than twenty euros."
die Hälfte,Half,"Die Hälfte des Kuchens ist schon weg.","Half of the cake is already gone."
jeder Zehnte,One in ten,"Fast jeder Zehnte in der Klasse ist heute krank.","Almost one in ten in the class is sick today."
ein Drittel,One third,"Ein Drittel der Teilnehmer kommt aus Berlin.","One third of the participants come from Berlin."
Pflicht sein,To be mandatory,"In Deutschland ist die Schulpflicht gesetzlich geregelt.","In Germany, compulsory schooling is regulated by law."
die Schwäche,Weakness,"Jeder Mensch hat seine Stärken und Schwächen.","Every human has their strengths and weaknesses."
der Arbeitsablauf,Workflow,"Wir müssen den Arbeitsablauf im Büro verbessern.","We must improve the workflow in the office."
die Berechtigung,Authorization / Entitlement,"Haben Sie die Berechtigung, dieses Gebäude zu betreten?","Do you have the authorization to enter this building?"
unbewacht,Unguarded / Unsupervised,"Lassen Sie Ihr Gepäck nie unbewacht.","Never leave your luggage unattended."
flüstern,To whisper,"Sie flüsterten leise in der Bibliothek.","They whispered quietly in the library."
ohne Weiteres,Just like that / Without further ado,"Ich kann das nicht ohne Weiteres entscheiden.","I cannot decide that just like that."
der Knöchel,Ankle,"Ich bin beim Laufen mit dem Knöchel umgeknickt.","I twisted my ankle while running."
der Knochen,Bone,"Der Arzt prüfte, ob der Knochen gebrochen ist.","The doctor checked if the bone is broken."
die Brust,Chest / Breast,"Er spürte einen starken Druck in der Brust.","He felt a strong pressure in his chest."
das Kinn,Chin,"Sie hat ein markantes Kinn.","She has a striking chin."
die Hüfte,Hip,"Nach dem Sturz hatte er Schmerzen in der Hüfte.","After the fall, he had pain in his hip."
die Niere,Kidney,"Trinken ist wichtig für die Nieren.","Drinking is important for the kidneys."
die Leber,Liver,"Alkohol schadet der Leber.","Alcohol damages the liver."
die Lunge,Lung,"Atmen Sie tief in die Lunge ein.","Breathe deeply into your lungs."
die Haut,Skin,"Im Sommer muss man die Haut vor der Sonne schützen.","In summer one must protect the skin from the sun."
der Schenkel,Thigh,"Er hat sich eine Zerrung am Schenkel zugezogen.","He pulled a muscle in his thigh."
die Zunge,Tongue,"Der Arzt sagte: „Zeigen Sie mir bitte Ihre Zunge.“","The doctor said: 'Please show me your tongue.'"
die Ader,Vein / Artery,"Man kann die Adern an seinen Händen sehen.","One can see the veins on his hands."
das Handgelenk,Wrist,"Ich trage meine Uhr am linken Handgelenk.","I wear my watch on my left wrist."
verdrehen,To twist / To sprain,"Ich habe mir beim Sport das Knie verdreht.","I twisted my knee while playing sports."
das Bewusstsein verlieren,To lose consciousness,"Er verlor nach dem Unfall kurz das Bewusstsein.","He briefly lost consciousness after the accident."
der Mangel,Lack / Deficiency,"Es herrscht ein Mangel an Fachkräften.","There is a shortage of skilled workers."
der Ursprung,Origin / Source,"Die Geschichte hat ihren Ursprung im Mittelalter.","The story has its origin in the Middle Ages."
die Übernahme,Takeover / Acquisition,"Die Übernahme der Firma war erfolgreich.","The takeover of the company was successful."
nagelneu,Brand new,"Ich habe mir ein nagelneues Fahrrad gekauft.","I bought myself a brand new bicycle."
altmodisch,Old-fashioned,"Dieses Kleid sieht ein bisschen altmodisch aus.","This dress looks a bit old-fashioned."
beschuldigen,To accuse,"Man kann ihn nicht ohne Beweise beschuldigen.","One cannot accuse him without evidence."
die Oberfläche,Surface,"Die Oberfläche des Tisches ist sehr glatt.","The surface of the table is very smooth."
verfolgen,To follow / To pursue,"Die Polizei verfolgte den Dieb durch die Stadt.","The police pursued the thief through the city."
trivial,Trivial / Simple,"Das Problem scheint auf den ersten Blick trivial zu sein.","The problem seems to be trivial at first glance."
die Spitze,Top / Peak / Lace,"Wir haben endlich die Spitze des Berges erreicht.","We finally reached the peak of the mountain."
lebhaft,Lively / Vivid,"In der Innenstadt herrscht ein lebhaftes Treiben.","There is lively hustle and bustle in the city center."
bescheiden,Modest / Humble,"Trotz seines Erfolges ist er sehr bescheiden geblieben.","Despite his success, he remained very modest."
die Fähigkeit,Ability / Skill,"Sie besitzt die Fähigkeit, komplexe Dinge einfach zu erklären.","She possesses the ability to explain complex things simply."
das Selbstvertrauen,Self-confidence,"Sport kann dabei helfen, das Selbstvertrauen zu stärken.","Sport can help to strengthen self-confidence."
der Wahnsinn,Madness / Insanity,"Es ist der reinste Wahnsinn, bei diesem Wetter ohne Jacke rauszugehen!","It is pure madness to go out without a jacket in this weather!"
erwerben,To acquire / To purchase,"Er hat im Laufe der Jahre viele Fachkenntnisse erworben.","He has acquired much expertise over the years."
das Vermögen,Fortune / Assets,"Nach dem Tod des Vaters erbte sie ein großes Vermögen.","After the death of her father, she inherited a large fortune."
hervorragend,Excellent / Outstanding,"Das Essen in diesem Restaurant schmeckt hervorragend.","The food in this restaurant tastes excellent."
die Pfote,Paw,"Der Hund hat sich an der Pfote verletzt.","The dog hurt its paw."
sensationell,Sensational,"Die Entdeckung war eine sensationelle Neuigkeit.","The discovery was sensational news."
die Leistung,Achievement / Performance,"Die sportliche Leistung der Mannschaft war beeindruckend.","The team's athletic performance was impressive."
konventionell,Conventional,"Er bevorzugt konventionelle Methoden gegenüber neuen Experimenten.","He prefers conventional methods over new experiments."
nachlassen,To diminish / To fade,"Der Regen hat am Nachmittag endlich nachgelassen.","The rain finally subsided in the afternoon."
der Wandel,Change / Transformation,"Wir befinden uns in einem stetigen digitalen Wandel.","We are in a constant digital transformation."
streiten,To argue / To fight,"Die Geschwister streiten sich oft um das Spielzeug.","The siblings often fight over the toy."
die Zweigstelle,Branch (office),"Die Bank hat eine neue Zweigstelle in unserem Viertel eröffnet.","The bank has opened a new branch in our neighborhood."
der Rand,Edge / Margin,"Bitte schreiben Sie nicht über den Rand des Papiers.","Please do not write over the margin of the paper."
überfliegen,To skim (read) / To fly over,"Ich habe den Artikel nur kurz überflogen.","I only briefly skimmed the article."
wohingegen,Whereas / While,"Er liebt Kaffee, wohingegen sie lieber Tee trinkt.","He loves coffee, whereas she prefers drinking tea."
schlucken,To swallow,"Die Tablette ist so groß, dass ich sie kaum schlucken kann.","The tablet is so large that I can hardly swallow it."
die Mehrheit,Majority,"Die Mehrheit der Bürger stimmte für das neue Gesetz.","The majority of citizens voted for the new law."
täuschen,To deceive / To trick,"Man sollte sich nicht von seinem Lächeln täuschen lassen.","One should not let oneself be deceived by his smile."
übrigens,By the way / Incidentally,"Ich habe übrigens gestern deinen Bruder getroffen.","By the way, I met your brother yesterday."
erscheinen,To appear / To seem,"Das neue Buch wird nächsten Monat erscheinen.","The new book will appear next month."
fördern,To promote / To support,"Die Regierung will junge Talente stärker fördern.","The government wants to promote young talents more strongly."
das Ausrufezeichen,Exclamation mark,"Vergiss nicht das Ausrufezeichen am Ende des Satzes!","Don't forget the exclamation mark at the end of the sentence!"
entdecken,To discover,"Wissenschaftler haben einen neuen Planeten entdeckt.","Scientists have discovered a new planet."
vernünftig,Reasonable / Sensible,"Das ist eine sehr vernünftige Entscheidung.","That is a very sensible decision."
Arbeitsbedingungen,Working conditions,"Die Gewerkschaft fordert bessere Arbeitsbedingungen.","The labor union demands better working conditions."
im Freien,Outdoors / In the open air,"Wir verbringen den ganzen Tag im Freien.","We are spending the whole day outdoors."
sich leisten,To afford,"Ich kann mir diesen Luxus leider nicht leisten.","Unfortunately, I cannot afford this luxury."
die Ablenkung,Distraction,"Beim Lernen brauche ich absolute Ruhe, keine Ablenkung.","When studying I need absolute quiet, no distraction."
vorankommen,To make progress,"Wir kommen mit dem Projekt gut voran.","We are making good progress with the project."
dennoch,Nevertheless / Yet,"Es regnete stark, dennoch gingen wir spazieren.","It rained heavily, nevertheless we went for a walk."
aufgrund (+ Genitiv),Due to / On the basis of,"Aufgrund des Wetters wurde das Spiel abgesagt.","Due to the weather, the game was cancelled."
allmählich,Gradually / Bit by bit,"Die Situation verbessert sich allmählich.","The situation is improving gradually."
verschwinden,To disappear,"Der Zauberer ließ das Kaninchen verschwinden.","The magician made the rabbit disappear."
Verabredung / Abkommen,Appointment / Agreement,"Ich habe heute Abend eine Verabredung mit Freunden.","I have a date/appointment with friends tonight."
zusammenstoßen,To collide / To clash,"Zwei Autos sind an der Kreuzung zusammengestoßen.","Two cars collided at the intersection."
begegnen,To encounter / To meet,"Ich bin ihm zufällig im Supermarkt begegnet.","I bumped into him by chance at the supermarket."
vernichten,To destroy / To annihilate,"Das Feuer hat die gesamte Ernte vernichtet.","The fire destroyed the entire harvest."
zerstören,To destroy / To ruin,"Der Sturm hat viele Häuser zerstört.","The storm destroyed many houses."
das Bruchstück,Fragment / Scrap,"Archäologen fanden Bruchstücke alter Vasen.","Archaeologists found fragments of old vases."
unvermeidlich,Inevitable,"Einige Fehler sind am Anfang unvermeidlich.","Some mistakes are inevitable in the beginning."
der Zweck,Purpose / Aim,"Was ist der Zweck dieser Übung?","What is the purpose of this exercise?"
das Spülbecken,Kitchen sink,"Das Geschirr steht noch im Spülbecken.","The dishes are still in the kitchen sink."
der Neffe / die Nichte,Nephew / Niece,"Mein Neffe und meine Nichte kommen uns am Wochenende besuchen.","My nephew and my niece are coming to visit us this weekend."
die Zwillinge,Twins,"Die beiden Mädchen sind Zwillinge und sehen sich sehr ähnlich.","The two girls are twins and look very similar."
fressen,To eat (animals),"Der Hund frisst sein Futter sehr schnell.","The dog eats its food very quickly."
füttern,To feed (animals),"Hast du die Katze heute schon gefüttert?","Have you already fed the cat today?"
das Kaninchen,Rabbit,"Das Kaninchen hoppelt durch den Garten.","The rabbit hops through the garden."
die Kuh,Cow,"Auf der Wiese steht eine braune Kuh.","A brown cow is standing in the meadow."
das Schaf,Sheep,"Die Wolle vom Schaf ist sehr weich.","The wool from the sheep is very soft."
die Schildkröte,Tortoise / Turtle,"Schildkröten können sehr alt werden.","Tortoises can get very old."
die Schlange,Snake / Queue,"Dort vorne ist eine lange Schlange an der Kasse.","There is a long line at the checkout over there."
der Backstein,Brick,"Das Haus wurde aus roten Backsteinen gebaut.","The house was built from red bricks."
der Alptraum,Nightmare,"Ich hatte gestern Nacht einen schrecklichen Alptraum.","I had a terrible nightmare last night."
artig,Well-behaved,"Sei bitte artig, wenn wir bei Oma sind.","Please be well-behaved when we are at Grandma's."
begießen,To water (plants),"Vergiss nicht, die Blumen auf dem Balkon zu begießen.","Don't forget to water the flowers on the balcony."
beißen,To bite,"Keine Sorge, der Hund beißt nicht.","Don't worry, the dog doesn't bite."
bewundern,To admire,"Ich bewundere deinen Mut.","I admire your courage."
die Braut,Bride,"Die Braut trug ein wunderschönes weißes Kleid.","The bride wore a beautiful white dress."
der Fensterladen,Shutter,"Nachts schließen wir immer die Fensterläden.","At night we always close the shutters."
die Gebrauchsanweisung,Instruction manual,"Ich muss erst die Gebrauchsanweisung für die Waschmaschine lesen.","I first have to read the instruction manual for the washing machine."
das Gedächtnis,Memory,"Er hat ein hervorragendes Gedächtnis für Namen.","He has an excellent memory for names."
angeln,To fish,"Mein Vater geht am Wochenende oft am See angeln.","My father often goes fishing at the lake on weekends."
segeln,To sail,"Im Sommer wollen wir auf der Ostsee segeln.","In summer we want to sail on the Baltic Sea."
das Schließfach,Locker / Safe deposit box,"Du kannst deine Tasche im Schließfach am Bahnhof lassen.","You can leave your bag in the locker at the train station."
steigen,To climb / To rise,"Die Preise für Benzin steigen momentan wieder.","Prices for gasoline are currently rising again."
begleiten,To accompany,"Darf ich dich nach Hause begleiten?","May I walk/accompany you home?"
empfehlen,To recommend,"Können Sie mir ein gutes Restaurant in der Nähe empfehlen?","Can you recommend a good restaurant nearby?"
die Ermäßigung,Discount / Reduction,"Studenten bekommen eine Ermäßigung auf den Eintrittspreis.","Students receive a discount on the entrance fee."
einrichten,To furnish / To set up,"Wir müssen unsere neue Wohnung noch fertig einrichten.","We still have to finish furnishing our new apartment."
kleben,To stick / To glue,"Das Plakat klebt an der Wand.","The poster is sticking to the wall."
lohnen (sich),To be worth it,"Die Mühe hat sich gelohnt, das Ergebnis ist toll.","The effort was worth it, the result is great."
stören,To disturb / To bother,"Entschuldigung, störe ich gerade?","Excuse me, am I disturbing you right now?"
gelingen,To succeed / To work out,"Der Kuchen ist mir heute besonders gut gelungen.","The cake turned out particularly well for me today."
das Vorhaben,Plan / Intent,"Was ist dein nächstes großes Vorhaben?","What is your next big project/plan?"
Quatsch,Nonsense / Rubbish,"Erzähl doch keinen Quatsch!","Don't talk nonsense!"
schreien,To scream / To shout,"Warum schreist du so laut?","Why are you screaming so loud?"
sowohl ... als auch,Both ... and,"Ich spreche sowohl Deutsch als auch Englisch.","I speak both German and English."
Verzeihung,Forgiveness / Excuse me,"Verzeihung, ich habe Sie nicht gesehen.","Excuse me, I didn't see you."
ahnen,To suspect / To have a hunch,"Ich ahne nichts Gutes.","I suspect nothing good."
außer(dem),Except (Besides),"Außerdem müssen wir noch Brot kaufen.","Besides, we still have to buy bread."
enttäuscht,Disappointed,"Er war sehr enttäuscht von dem Ergebnis.","He was very disappointed with the result."
es kommt darauf an,It depends,"Kommst du mit? - Es kommt darauf an, wie spät es ist.","Are you coming? - It depends on what time it is."
irren (sich),To be mistaken,"Ich glaube, Sie irren sich in der Adresse.","I think you are mistaken about the address."
umsonst,Free / In vain,"Der Eintritt ist umsonst.","Admission is free."
vor kurzem,Recently,"Ich habe ihn erst vor kurzem getroffen.","I met him only recently."
wagen,To dare,"Er wagte es nicht, sie anzurufen.","He did not dare to call her."
seitdem,Since then,"Er ist umgezogen und seitdem habe ich ihn nicht gesehen.","He moved and I haven't seen him since then."
derselbe / dieselbe,The very same,"Wir haben denselben Geschmack bei Musik.","We have the same taste in music."
zwar,Admittedly / Indeed,"Das ist zwar teuer, aber die Qualität ist gut.","That is indeed expensive, but the quality is good."
vor allem,Above all / Especially,"Er mag Sport, vor allem Fußball.","He likes sports, especially soccer."
während,While / During,"Während der Arbeit darf ich nicht telefonieren.","I am not allowed to make calls during work."
auskommen mit,To get on with,"Ich komme gut mit meinen Nachbarn aus.","I get along well with my neighbors."
bürsten,To brush,"Du solltest dir die Haare bürsten.","You should brush your hair."
decken,To set (the table) / To cover,"Kannst du bitte den Tisch decken?","Can you please set the table?"
hinlegen (sich),To lie down,"Ich bin müde und möchte mich kurz hinlegen.","I am tired and would like to lie down for a bit."
stecken,To put (inside) / To stick,"Er steckt den Schlüssel in die Tasche.","He puts the key in his pocket."
mähen,To mow,"Er muss heute den Rasen mähen.","He has to mow the lawn today."
hinsetzen (sich),To sit down,"Bitte setzen Sie sich doch hin.","Please, do sit down."
gemütlich,Cozy / Comfortable,"Das Wohnzimmer sieht sehr gemütlich aus.","The living room looks very cozy."
merkwürdig,Strange / Odd,"Das ist eine merkwürdige Geschichte.","That is a strange story."
sanft,Gentle / Soft,"Sie gab ihm einen sanften Kuss auf die Wange.","She gave him a gentle kiss on the cheek."
glatt,Smooth / Slippery,"Vorsicht, die Straße ist heute sehr glatt.","Caution, the road is very slippery today."
Pech,Bad luck,"Das war einfach nur Pech.","That was just bad luck."
Neue Wörter,New words,"Example sentence here","Translation here"
der Chirurg,Surgeon,"Der Chirurg führt heute drei wichtige Operationen durch.","The surgeon is performing three important operations today."
die Vorsorgeuntersuchung,Preventive checkup,"Eine regelmäßige Vorsorgeuntersuchung kann Leben retten.","A regular preventive checkup can save lives."
die Ansteckung,Infection / Contagion,"Wir müssen Maßnahmen ergreifen, um die Ansteckung zu verhindern.","We must take measures to prevent infection."
ansteckend,Contagious / Infectious,"Ist diese Krankheit für andere Menschen ansteckend?","Is this disease contagious to other humans?"
das Gewissen,Conscience,"Er hat ein schlechtes Gewissen, weil er gelogen hat.","He has a guilty conscience because he lied."
die Pflichtverletzung,Breach of duty,"Die Kündigung erfolgte aufgrund einer schweren Pflichtverletzung.","The termination occurred due to a serious breach of duty."
die Solidarität,Solidarity,"In Krisenzeiten ist gesellschaftliche Solidarität besonders wichtig.","Social solidarity is particularly important in times of crisis."
die Zivilcourage,Moral courage,"Es erfordert viel Zivilcourage, in so einer Situation einzugreifen.","It requires a lot of moral courage to intervene in such a situation."
das Engagement,Commitment / Involvement,"Sein soziales Engagement in der Gemeinde ist vorbildlich.","His social commitment in the community is exemplary."
sich engagieren (für),To get involved (for),"Viele junge Leute engagieren sich heute für den Klimaschutz.","Many young people are getting involved in climate protection today."
das Vorurteil,Prejudice / Bias,"Wir müssen versuchen, unsere Vorurteile abzubauen.","We must try to break down our prejudices."
die Obdachlosigkeit,Homelessness,"Die Stadt versucht, die Obdachlosigkeit im Winter zu bekämpfen.","The city is trying to combat homelessness in winter."
der soziale Aufstieg,Social advancement,"Bildung ist oft der Schlüssel für einen sozialen Aufstieg.","Education is often the key to social advancement."
der Reichtum,Wealth / Riches,"Reichtum allein macht nicht unbedingt glücklich.","Wealth alone does not necessarily make one happy."
der Verbraucher / Konsument,Consumer,"Verbraucher achten heute verstärkt auf nachhaltige Produkte.","Consumers are paying more attention to sustainable products today."
der Bedarf / das Bedürfnis,Demand / Need,"Es gibt einen großen Bedarf an bezahlbarem Wohnraum.","There is a great need for affordable housing."
das Konsumverhalten,Consumer behavior,"Das Konsumverhalten hat sich durch das Internet stark verändert.","Consumer behavior has changed significantly due to the internet."
der Werbespot / das Plakat,Commercial / Poster,"Der neue Werbespot im Fernsehen ist sehr lustig gemacht.","The new commercial on TV is made very funnily."
die Markenbindung,Brand loyalty,"Eine hohe Markenbindung ist für Unternehmen sehr wertvoll.","High brand loyalty is very valuable for companies."
das Markenbewusstsein,Brand awareness,"Bei Jugendlichen ist das Markenbewusstsein oft sehr ausgeprägt.","Brand awareness is often very pronounced among young people."
die Preisgestaltung,Pricing / Price structure,"Die Preisgestaltung der neuen Kollektion ist recht exklusiv.","The pricing of the new collection is quite exclusive."
der Preisvergleich,Price comparison,"Ein kurzer Preisvergleich im Internet kann viel Geld sparen.","A short price comparison on the internet can save a lot of money."
reduzieren,To reduce / To cut,"Wir müssen unsere Ausgaben für Luxusgüter reduzieren.","We must reduce our expenses for luxury goods."
das Sonderangebot,Special offer / Sale,"Ich habe diese Schuhe als Sonderangebot gekauft.","I bought these shoes as a special offer."
das Schnäppchen,Bargain,"Auf dem Flohmarkt habe ich ein echtes Schnäppchen gemacht.","I made a real bargain at the flea market."
der Kaufrausch,Shopping spree,"In der Weihnachtszeit verfallen viele Menschen in einen Kaufrausch.","During the Christmas season, many people fall into a shopping frenzy."
die Kaufkraft,Purchasing power,"Durch die Inflation sinkt die Kaufkraft der Bevölkerung.","Due to inflation, the purchasing power of the population is sinking."
das Zahlungsmittel,Means of payment,"Kreditkarten sind ein weltweit akzeptiertes Zahlungsmittel.","Credit cards are a globally accepted means of payment."
die Ratenzahlung,Installment plan,"Kann ich den Fernseher auch per Ratenzahlung kaufen?","Can I also buy the TV via installment plan?"
zunehmen / abnehmen,To increase / To decrease,"Die Zahl der Teilnehmer nimmt stetig zu.","The number of participants is steadily increasing."
anfallen,To arise / To accrue,"Bei der Arbeit fallen viele Überstunden an.","Many overtime hours accrue at work."
ausgehen (von),To assume / To originate,"Ich gehe davon aus, dass wir pünktlich fertig werden.","I assume that we will finish on time."
einsetzen,To use / To deploy,"Wir setzen eine neue Software ein.","We are using new software."
feststellen,To determine / To realize,"Der Arzt konnte keine Krankheit feststellen.","The doctor could not determine any illness."
untergehen,To go down / To set (sun),"Das Schiff ist im Sturm untergegangen.","The ship went down in the storm."
zustehen,To be entitled to,"Diese Entschädigung steht Ihnen rechtlich zu.","You are legally entitled to this compensation."
zurückziehen,To withdraw / To retract,"Er hat sein Angebot kurzfristig zurückgezogen.","He withdrew his offer at short notice."
anfordern,To request / To demand,"Sie können die Unterlagen per E-Mail anfordern.","You can request the documents via email."
beitragen (zu),To contribute (to),"Jeder kann zum Umweltschutz beitragen.","Everyone can contribute to environmental protection."
vorgehen (gegen),To proceed (against),"Die Polizei geht gegen den Lärm vor.","The police are taking action against the noise."
weitergeben,To pass on / To forward,"Bitte geben Sie diese Information an das Team weiter.","Please pass this information on to the team."
zusammenfassen,To summarize,"Können Sie die Ergebnisse kurz zusammenfassen?","Can you briefly summarize the results?"
einhalten,To keep / To comply with,"Wir müssen die Frist unbedingt einhalten.","We must absolutely meet the deadline."
mitteilen,To inform / To announce,"Der Chef teilte uns die Neuigkeiten gestern mit.","The boss informed us of the news yesterday."
aufzeigen,To point out / To show,"Die Studie zeigt neue Möglichkeiten auf.","The study points out new possibilities."
nachweisen,To prove / To verify,"Die Echtheit wurde im Labor nachgewiesen.","The authenticity was proven in the laboratory."
nachfragen,To inquire / To check,"Ich muss im Büro nochmal nachfragen.","I have to ask again in the office."
durchsetzen,To enforce / To assert,"Er konnte seinen Willen schließlich durchsetzen.","He was finally able to enforce his will."
nachdenken (über),To reflect / To think about,"Ich muss über deinen Vorschlag nachdenken.","I have to think about your proposal."
überfordert,Overwhelmed,"Ich fühle mich mit der neuen Aufgabe völlig überfordert.","I feel completely overwhelmed with the new task."
unter Druck stehen,To be under pressure,"Er steht bei der Arbeit ständig unter Druck.","He is constantly under pressure at work."
verängstigt,Frightened / Scared,"Das kleine Kind wirkte sehr verängstigt.","The small child seemed very frightened."
der Selbstzweifel,Self-doubt,"Selbstzweifel können den Fortschritt behindern.","Self-doubt can hinder progress."
der Therapeut,Therapist,"Der Therapeut hilft ihm, die Krise zu bewältigen.","The therapist helps him to overcome the crisis."
der Rückzug,Retreat / Withdrawal,"Nach dem Streit trat sie den Rückzug an.","After the argument, she retreated."
emotional,Emotional,"Das war ein sehr emotionaler Moment.","That was a very emotional moment."
eifersüchtig / neidisch,Jealous / Envious,"Er ist eifersüchtig auf den Erfolg seines Kollegen.","He is jealous of his colleague's success."
mitfühlend / das Mitgefühl,Compassionate / Compassion,"Sie ist eine sehr mitfühlende Person.","She is a very compassionate person."
die Reizbarkeit / gereizt,Irritability / Irritated,"Schlafmangel führt oft zu erhöhter Reizbarkeit.","Sleep deprivation often leads to increased irritability."
deprimiert,Depressed / Down,"An grauen Wintertagen fühlen sich viele deprimiert.","On gray winter days, many feel depressed."
verzweifelt,Desperate,"Sie suchte verzweifelt nach ihrem Hausschlüssel.","She desperately looked for her house key."
die Beratung,Consultation / Counseling,"Ich war heute bei einer professionellen Berufsberatung.","I was at a professional career counseling session today."
verletzlich,Vulnerable,"Jeder Mensch hat eine verletzliche Seite.","Every human has a vulnerable side."
gefühlsbetont,Emotive / Sentimental,"Seine Rede war sehr gefühlsbetont.","His speech was very emotional."
der Neid,Envy,"Neid ist kein guter Ratgeber.","Envy is not a good counselor."
ausgeglichen,Balanced / Level-headed,"Yoga hilft mir dabei, ausgeglichen zu bleiben.","Yoga helps me to stay balanced."
die Selbstwahrnehmung,Self-perception,"Eine gesunde Selbstwahrnehmung ist wichtig.","A healthy self-perception is important."
die Anrede,Salutation / Greeting,"Eine höfliche Anrede ist in Geschäftsbriefen wichtig.","A polite salutation is important in business letters."
die Verabschiedung,Farewell / Closing,"Die Verabschiedung „Mit freundlichen Grüßen“ ist Standard.","The closing 'Sincerely' is standard."
der Betreff,Subject line,"Der Betreff der E-Mail sollte kurz und klar sein.","The subject line of the email should be short and clear."
der Ansprechpartner,Contact person,"Wer ist mein Ansprechpartner für technische Fragen?","Who is my contact person for technical questions?"
die Absage / die Zusage,Rejection / Acceptance,"Ich warte noch auf eine Zusage für den Job.","I am still waiting for an acceptance for the job."
sich entschuldigen,To apologize,"Er hat sich für seine Verspätung entschuldigt.","He apologized for his lateness."
der Tonfall,Tone of voice,"Sein Tonfall klang am Telefon etwas genervt.","His tone of voice sounded a bit annoyed on the phone."
angemessen,Appropriate / Suitable,"Sie trug für das Vorstellungsgespräch angemessene Kleidung.","She wore appropriate clothing for the job interview."
die Verwechslung,Mix-up / Confusion,"Tut mir leid, das war eine Verwechslung der Namen.","Sorry, that was a mix-up of names."
die Beziehungsebene,Relationship level,"Wir verstehen uns auf der Beziehungsebene sehr gut.","We get along very well on the relationship level."
die Etikette,Etiquette,"Business-Etikette ist in dieser Firma sehr wichtig.","Business etiquette is very important in this company."
abbrechen,To cancel / To break off,"Wir mussten das Projekt leider vorzeitig abbrechen.","Unfortunately, we had to cancel the project prematurely."
annehmen,To accept / To assume,"Ich nehme Ihre Einladung gerne an.","I gladly accept your invitation."
aufstellen,To establish / To set up,"Wir müssen neue Regeln für das Team aufstellen.","We must set up new rules for the team."
ausarbeiten,To elaborate / To work out,"Können Sie den Plan bis morgen genauer ausarbeiten?","Can you work out the plan in more detail by tomorrow?"
einführen,To introduce / To implement,"Die Firma führt nächste Woche ein neues System ein.","The company is introducing a new system next week."
eingehen (auf),To address / To respond to,"Ich möchte kurz auf Ihre Frage eingehen.","I would like to briefly address your question."
festlegen,To determine / To define,"Wir haben den Termin für das Treffen festgelegt.","We have determined the date for the meeting."
gegenüberstellen,To compare / To contrast,"Man muss die Vor- und Nachteile gegenüberstellen.","One has to contrast the pros and cons."
herausfinden,To find out,"Ich muss erst herausfinden, wer zuständig ist.","I first have to find out who is responsible."
nachholen,To catch up on,"Ich muss den verpassten Stoff am Wochenende nachholen.","I have to catch up on the missed material on the weekend."
wiederherstellen,To restore / To recover,"Er konnte die gelöschten Daten wiederherstellen.","He was able to restore the deleted data."
zurückkehren,To return,"Nach dem Urlaub ist sie an ihren Schreibtisch zurückgekehrt.","After the vacation, she returned to her desk."
beistehen,To stand by / To support,"In schwierigen Zeiten muss man einander beistehen.","In difficult times one must stand by one another."
fortsetzen,To continue,"Wir werden die Diskussion nach der Pause fortsetzen.","We will continue the discussion after the break."
hervorgehen,To emerge / To result,"Aus dem Bericht geht hervor, dass wir sparen müssen.","It emerges from the report that we have to save money."
wegfallen,To be omitted / To cease to exist,"Durch die neue Software fallen viele Aufgaben weg.","Due to the new software, many tasks are being eliminated."
zurücktreten,To resign / To step back,"Der Minister ist von seinem Amt zurückgetreten.","The minister resigned from his office."
der Hörsaal,Lecture hall,"Der Hörsaal war bis auf den letzten Platz besetzt.","The lecture hall was occupied to the last seat."
der Kommilitone / die Kommilitonin,Fellow student,"Ich lerne oft zusammen mit meinen Kommilitonen.","I often study together with my fellow students."
publizieren,To publish,"Professor Müller hat einen neuen Artikel publiziert.","Professor Müller published a new article."
die Zulassung,Admission,"Ich habe endlich die Zulassung für das Medizinstudium erhalten.","I finally received admission for medical school."
die Einschreibung,Enrollment / Matriculation,"Die Einschreibung findet dieses Jahr online statt.","Enrollment is taking place online this year."
die Anwesenheitspflicht,Mandatory attendance,"In diesem Seminar herrscht strenge Anwesenheitspflicht.","Strict mandatory attendance prevails in this seminar."
das Pflichtmodul / Wahlmodul,Compulsory / Elective module,"Mathe ist ein Pflichtmodul, aber Kunst ist ein Wahlmodul.","Math is a compulsory module, but Art is an elective module."
das Vorlesungsverzeichnis,Course catalog,"Schau im Vorlesungsverzeichnis nach den Zeiten.","Look in the course catalog for the times."
der Leistungsnachweis,Certificate of achievement,"Für das Stipendium brauche ich einen Leistungsnachweis.","I need a certificate of achievement for the scholarship."
die Studienleistung,Academic achievement,"Ihre Studienleistungen im letzten Semester waren sehr gut.","Her academic achievements in the last semester were very good."
die Kommilitonenrunde,Circle of fellow students,"Wir besprechen das Thema in unserer kleinen Kommilitonenrunde.","We are discussing the topic in our small circle of fellow students."
die Belegschaft,Workforce / Staff,"Die gesamte Belegschaft ist zur Weihnachtsfeier eingeladen.","The entire workforce is invited to the Christmas party."
unterzeichnen,To sign,"Beide Parteien haben den Vertrag gestern unterzeichnet.","Both parties signed the contract yesterday."
das Arbeitsverhältnis,Employment relationship,"Das Arbeitsverhältnis wurde im gegenseitigen Einvernehmen beendet.","The employment relationship was ended by mutual agreement."
die Festanstellung,Permanent position,"Nach dem Praktikum hat er eine Festanstellung bekommen.","After the internship, he got a permanent position."
die Einarbeitung,Orientation / Onboarding,"Die Einarbeitung neuer Mitarbeiter dauert meist zwei Wochen.","The orientation of new employees usually takes two weeks."
befristet / unbefristet,Temporary / Permanent (contract),"Mein Arbeitsvertrag ist leider nur auf ein Jahr befristet.","My employment contract is unfortunately limited to only one year."
die Gehaltsverhandlung,Salary negotiation,"Nächste Woche habe ich eine wichtige Gehaltsverhandlung.","Next week I have an important salary negotiation."
die Lohnsteuer,Income tax,"Die Lohnsteuer wird direkt vom Gehalt abgezogen.","Income tax is deducted directly from the salary."
der Beitrag,Contribution / Fee,"Wie hoch ist der monatliche Beitrag zur Versicherung?","How high is the monthly contribution to the insurance?"
der Gewinn / der Verlust,Profit / Loss,"Das Unternehmen machte dieses Jahr einen großen Gewinn.","The company made a large profit this year."
der Umsatz,Turnover / Revenue,"Unser Umsatz ist im Vergleich zum Vorjahr gestiegen.","Our turnover has increased compared to the previous year."
die Bilanz,Balance sheet / Results,"Die Firma zieht am Ende des Jahres eine positive Bilanz.","The company draws a positive balance at the end of the year."
der Betriebsrat,Works council,"Der Betriebsrat setzt sich für die Rechte der Angestellten ein.","The works council advocates for the rights of the employees."
die Gewerkschaft,Trade union,"Die Gewerkschaft fordert 5% mehr Lohn für die Arbeiter.","The trade union demands 5% more wages for the workers."
die Zuständigkeit,Responsibility / Jurisdiction,"Das fällt leider nicht in meine Zuständigkeit.","That unfortunately does not fall within my responsibility."