Neue Wörter,New words,"Example sentence here","Translation here"
leichter gesagt als getan,easier said than done,"Getting a job in the film industry is easier said than done.","Einen Job in der Filmindustrie zu bekommen, ist leichter gesagt als getan."
das Leitprinzip,guiding principle,"One of the guiding principles has to be trust.","Eines der Leitprinzipien muss Vertrauen sein."
sich etw. zum Prinzip machen,to make a point of,"She always made a point of talking to her grandmother.","Sie machte es sich immer zum Prinzip, mit ihrer Großmutter zu sprechen."
die Faustregel,rule of thumb,"My rule of thumb is that when the dough stops sticking, it's ready.","Meine Faustregel ist: Wenn der Teig nicht mehr klebt, ist er fertig."
etw. befolgen / auf etw. reagieren,to act on,"The police failed to act on the information they had received.","Die Polizei versäumte es, auf die erhaltenen Informationen zu reagieren."
der Aufschwung,boom,"The city is undergoing an economic boom.","Die Stadt erlebt gerade einen wirtschaftlichen Aufschwung."
individualistisch,individualistic,"Dutch society is individualistic and modern.","Die niederländische Gesellschaft ist individualistisch und modern."
etw. missverstehen,to misinterpret,"I think he deliberately misinterpreted my email.","Ich glaube, er hat meine E-Mail absichtlich missverstanden."
die Richtung weisen,to point the way,"The mistakes of the past should point the way for us in the future.","Die Fehler der Vergangenheit sollten uns die Richtung für die Zukunft weisen."
streben nach,to strive,"We must always strive for peace.","Wir müssen immer nach Frieden streben."
die Schmerzen / die Wehwehchen,aches and pains,"As you get older, you get more aches and pains.","Wenn man älter wird, bekommt man mehr Wehwehchen."
im Bedarfsfall,as and when,"We'll have the next meeting as and when it's necessary.","Wir werden das nächste Treffen im Bedarfsfall abhalten."
die Kleinigkeiten / der Kleinkram,bits and pieces,"Have you got all your bits and pieces?","Hast du all deinen Kleinkram dabei?"
der Kontrollfreak,control freak,"Don't be such a control freak!","Sei nicht so ein Kontrollfreak!"
der Träumer,dreamer,"My brother's just a dreamer.","Mein Bruder ist einfach ein Träumer."
ehrgeizig / getrieben,driven,"Her father was a driven man.","Ihr Vater war ein ehrgeiziger Mann."
die Familie,family,"There are five of us in our family.","Wir sind zu fünft in unserer Familie."
weit und breit,far and wide,"People come from far and wide to see Stonehenge.","Leute kommen von weit und breit, um Stonehenge zu sehen."
vor allem / in erster Linie,first and foremost,"Dan was first and foremost a brilliant musician.","Dan war in erster Linie ein brillanter Musiker."
der Freigeist,free spirit,"She's an artist, a free spirit.","Sie ist eine Künstlerin, ein Freigeist."
das Zuckerschlecken (in context),fun and games,"My job is not all fun and games.","Mein Job ist kein reines Zuckerschlecken."
der Witzbold,joker,"At school, he was always such a joker.","In der Schule war er immer so ein Witzbold."
abwertend / beurteilend,judgmental,"Do you realise how judgmental you are being?","Merkst du eigentlich, wie abwertend du bist?"
die Stimmungskanone,life and soul of the party,"She's the life and soul of every party she goes to.","Sie ist die Stimmungskanone auf jeder Party, zu der sie geht."
die Strömung / die Bewegung,movement,"The Scottish independence movement is growing.","Die schottische Unabhängigkeitsbewegung wächst."
kontaktfreudig,outgoing,"He's very funny and outgoing.","Er ist sehr lustig und kontaktfreudig."
Ruhe und Frieden,peace and quiet,"It's hard to find peace and quiet in the city.","Es ist schwer, in der Stadt Ruhe und Frieden zu finden."
wohlbehalten,safe and sound,"Everyone got home safe and sound.","Alle sind wohlbehalten nach Hause gekommen."
sich niederlassen / einleben,to settle down,"It's time to settle down and have children.","Es ist Zeit, sich niederzulassen und Kinder zu bekommen."
kurz und schmerzlos / kurz und bündig,short and sweet,"Keep your blog posts short and sweet.","Halte deine Blogeinträge kurz und bündig."
hin und her,to and fro,"Buses come to and fro all day long.","Busse fahren den ganzen Tag hin und her."
so ist das eben / unabänderliche Tatsache,a fact of life,"Stress at work is a fact of life these days.","Stress bei der Arbeit ist heutzutage eine unabänderliche Tatsache."
ein vergebliches Unterfangen,wild goose chase,"Don't bother, it'll just be a wild goose chase.","Lass es, das wird nur ein vergebliches Unterfangen."
aus allen Gesellschaftsschichten,all walks of life,"People from all walks of life attended the conference.","Menschen aus allen Gesellschaftsschichten nahmen an der Konferenz teil."
die Behauptung,assertion,"I disagreed with his assertion about the value of swimming lessons.","Ich widersprach seiner Behauptung über den Wert von Schwimmunterricht."
der Bluff,bluff,"We knew it was just a bluff.","Wir wussten, dass es nur ein Bluff war."
das Eis brechen,to break the ice,"A joke helped to break the ice.","Ein Witz half dabei, das Eis zu brechen."
zum Ausgangspunkt zurückkehren,to come full circle,"His career has gone full circle.","Seine Karriere ist zum Ausgangspunkt zurückgekehrt."
die ausgemachte Sache,foregone conclusion,"The result of the match was a foregone conclusion.","Das Spielergebnis war eine ausgemachte Sache."
sich herrlich amüsieren,to have the time of your life,"She danced all night and had the time of her life.","Sie tanzte die ganze Nacht und hat sich herrlich amüsiert."
der Lebensretter,life-saver,"This website has been a life-saver.","Diese Webseite war ein echter Lebensretter."
Liebe macht blind,love is blind,"It must be true that love is blind.","Es muss wahr sein, dass Liebe blind macht."
die Beeinflussung / Manipulation,manipulation,"There was no evidence of manipulation.","Es gab keinen Beweis für eine Manipulation."
nichts zur Sache tun / unerheblich sein,to be neither here nor there,"Whether she's French or German is neither here nor there.","Ob sie Französin oder Deutsche ist, tut nichts zur Sache."
(schon) bessere Zeiten gesehen haben,to have seen better days,"My bike has seen better days.","Mein Fahrrad hat schon bessere Zeiten gesehen."
kurz und bündig / prägnant,succinctly,"Try and answer the questions succinctly.","Versuchen Sie, die Fragen kurz und bündig zu beantworten."
das passiert mir immer / Geschichte meines Lebens,the story of my life,"I was late for work three times last week – story of my life.","Ich kam letzte Woche dreimal zu spät zur Arbeit – das passiert mir immer."
die Welt liegt mir zu Füßen,the world is my oyster,"Once you've finished university, the world's your oyster.","Sobald du die Uni abgeschlossen hast, liegt dir die Welt zu Füßen."
das Herz auf der Zunge tragen,to wear your heart on your sleeve,"She's a singer who wears her heart on her sleeve.","Sie ist eine Sängerin, die ihr Herz auf der Zunge trägt."
die Schnäppchenjagd,bargain hunting,"We went bargain hunting in Camden market.","Wir gingen auf dem Camden Market auf Schnäppchenjagd."
der Kamerad / Kumpel,buddy,"Thanks to the buddy system I settled in very quickly.","Dank des Buddy-Systems habe ich mich sehr schnell eingelebt."
vorgeschrieben / Pflicht-,compulsory,"Maths is a compulsory subject at my school.","Mathe ist ein Pflichtfach an meiner Schule."
der Berater,counsellor,"They went to a marriage counsellor.","Sie gingen zu einem Eheberater."
vielfältig,diverse,"London has a diverse population.","London hat eine vielfältige Bevölkerung."
der Neujahrsvorsatz,New Year's Resolution,"Have you made any New Year's Resolutions?","Hast du irgendwelche Neujahrsvorsätze gefasst?"
ausgeliehen,on loan,"Two copies are out on loan.","Zwei Exemplare sind ausgeliehen."
unverhältnismäßig,disproportionate,"A disproportionate number of victims were over 70.","Eine unverhältnismäßig große Anzahl der Opfer war über 70."
der/die Älteste,elder,"The village elders met to discuss the problem.","Die Dorfältesten trafen sich, um das Problem zu besprechen."
finanzieren,to fund,"The government should fund more research.","Die Regierung sollte mehr Forschung finanzieren."
unschätzbar,invaluable,"His advice was invaluable.","Sein Rat war unschätzbar."
das Selbstwertgefühl,self-esteem,"Success leads to higher self-esteem.","Erfolg führt zu höherem Selbstwertgefühl."
das Kohlebecken / die Feuerschale,brazier,"The fire in the brazier had gone out.","Das Feuer im Kohlebecken war ausgegangen."
der Handelsposten,trading post,"Timbuktu was a key trading post.","Timbuktu war ein wichtiger Handelsposten."
der Lebensunterhalt,livelihood,"Their main source of livelihood is fishing.","Ihre Haupteinnahmequelle für den Lebensunterhalt ist das Fischen."
der Nomade,nomad,"They lived as nomads, travelling in different locations.","Sie lebten als Nomaden und reisten an verschiedene Orte."
das Pony,pony,"I always wanted to have a pony when I was a child.","Ich wollte als Kind immer ein Pony haben."
die Berufung,vocation,"She believed her vocation was to serve the church.","Sie glaubte, ihre Berufung sei es, der Kirche zu dienen."
gepunktet / verstreut,dotted,"The company has offices dotted across the USA.","Das Unternehmen hat Büros, die über die USA verstreut sind."
ungestraft davonkommen,to get away with,"He robbed a bank and got away with it.","Er hat eine Bank ausgeraubt und kam ungestraft davon."
auf jdn. zurückkommen (antworten),to get back to,"I'll get back to you next week.","Ich komme nächste Woche auf dich zurück."
zurechtkommen,to get by,"I'm not fluent in Spanish, but I can get by.","Ich spreche nicht fließend Spanisch, aber ich komme zurecht."
vorankommen / weitermachen,to get on with,"I've got to get on with my homework.","Ich muss mit meinen Hausaufgaben weitermachen."
um etw. herumkommen,to get out of,"I can't get out of the meeting.","Ich komme um das Meeting nicht herum."
überwinden / hinwegkommen,to get over,"She still hadn't got over her husband's death.","Sie war noch immer nicht über den Tod ihres Mannes hinweg."
zu etw. kommen (zeitlich),to get round to,"I haven't been able to get round to it yet.","Ich bin bisher noch nicht dazu gekommen."
der Grafikdesigner,graphic designer,"He trained as a graphic designer.","Er hat eine Ausbildung als Grafikdesigner gemacht."
vertraut / intim,intimate,"The book displayed the author's intimate knowledge of history.","Das Buch zeigte das vertraute Wissen des Autors über die Geschichte."
das Weichtier,mollusc,"Molluscs don't move around very much.","Weichtiere bewegen sich nicht sehr viel."
der Physiotherapeut,physiotherapist,"I have a weekly session with a physiotherapist.","Ich habe eine wöchentliche Sitzung bei einem Physiotherapeuten."
das Eiweiß / Protein,protein,"It's important to have enough protein in your diet.","Es ist wichtig, genug Eiweiß in der Ernährung zu haben."
die Pupille,pupil,"Foxes have oval, vertical pupils.","Füchse haben ovale, vertikale Pupillen."
der Speer,spear,"He used a spear to catch fish.","Er benutzte einen Speer, um Fische zu fangen."
in Fleisch und Blut übergehen,to be second nature to someone,"Politeness was second nature to her.","Höflichkeit war ihr in Fleisch und Blut übergegangen."
Vorsicht ist die Mutter der Porzellankiste,better to be safe than sorry,"Better to be safe than sorry, so wear a helmet.","Vorsicht ist die Mutter der Porzellankiste, also trag einen Helm."
in Grenzen halten / eindämmen,to contain,"Firefighters managed to contain the fire.","Die Feuerwehrleute schafften es, das Feuer einzudämmen."
an allen Ecken und Kanten sparen / pfuschen,to cut corners,"I want this done properly – no cutting corners.","Ich will, dass das ordentlich gemacht wird – kein Pfusch."
etw. streng nach Vorschrift erledigen,to do things by the book,"He had done everything by the book.","Er hatte alles streng nach Vorschrift erledigt."
auf Nummer sicher gehen,to err on the side of caution,"I always err on the side of caution when adding salt.","Ich gehe beim Salzen immer auf Nummer sicher (lieber zu wenig als zu viel)."
unzugänglich,inaccessible,"The village is inaccessible during the winter.","Das Dorf ist im Winter unzugänglich."
unabhängig von,regardless,"We welcome new members regardless of their age.","Wir begrüßen neue Mitglieder unabhängig von ihrem Alter."
weiterleiten,to relay,"News of the battle was relayed back to London.","Neuigkeiten der Schlacht wurden nach London weitergeleitet."
die Schicht (Arbeit),shift,"I'm on night shift next week.","Ich habe nächste Woche Nachtschicht."
jdn. in Watte packen,to wrap someone in cotton wool,"Stop wrapping them in cotton wool.","Hör auf, sie in Watte zu packen."
Neue Wörter,New words,"Example sentence here","Translation here"
bebaut,built-up,"There used to be fields there when I was growing up, but it's all built-up now.","Früher gab es dort Felder, als ich aufwuchs, aber jetzt ist alles bebaut."
sozial benachteiligt,deprived,"One of the most deprived areas in the country.","Eine der am stärksten benachteiligten Gegenden des Landes."
hoch gebaut,high-rise,"A modern high-rise apartment building.","Ein modernes Hochhaus mit Wohnungen."
imposant,imposing,"The entrance is through some imposing gates.","Der Eingang führt durch einige imposante Tore."
heruntergekommen,run-down,"When we bought the house, it was old and run-down.","Als wir das Haus kauften, war es alt und heruntergekommen."
schäbig,shabby,"He's always wearing that shabby old overcoat to work.","Er trägt bei der Arbeit immer diesen schäbigen alten Mantel."
das Geschoss,storey,"She lives in a five-storey block of flats.","Sie wohnt in einem fünfstöckigen Wohnblock."
von Bäumen gesäumt,tree-lined,"A sloping, tree-lined avenue leads to the cemetery.","Eine abschüssige, von Bäumen gesäumte Allee führt zum Friedhof."
die Einrichtung / Annehmlichkeit,amenity,"The village has two shops and other amenities.","Das Dorf hat zwei Geschäfte und andere Einrichtungen."
die schnell wachsende Stadt,boom town,"Aberdeen was a boom town once oil was discovered in the North Sea.","Aberdeen war eine schnell wachsende Stadt, nachdem in der Nordsee Öl entdeckt wurde."
charakterlos / nichtssagend,characterless,"We were surrounded by a characterless city centre.","Wir waren von einem charakterlosen Stadtzentrum umgeben."
betrügen / schummeln,to cheat,"Not paying your taxes is cheating.","Seine Steuern nicht zu zahlen, ist Betrug."
die Geisterstadt,ghost town,"Worthing was like a ghost town on Sunday afternoon.","Worthing war am Sonntagnachmittag wie eine Geisterstadt."
der historische Ort,historic town,"Welcome to the historic town of Arundel.","Willkommen in der historischen Stadt Arundel."
der Urlaubsort,holiday town,"I grew up in a holiday town on the west coast.","Ich bin in einem Urlaubsort an der Westküste aufgewachsen."
die Industriestadt,industrial town,"Runcorn is an industrial town and port in Cheshire.","Runcorn ist eine Industriestadt und ein Hafen in Cheshire."
lebhaft,lively,"The area around the university is very lively.","Die Gegend um die Universität ist sehr lebhaft."
der Magnet (Anziehungspunkt),magnet,"Granada is a magnet for tourists.","Granada ist ein Magnet für Touristen."
die Marktgemeinde,market town,"Huddersfield has been a market town for about 1,000 years.","Huddersfield ist seit etwa 1.000 Jahren eine Marktgemeinde."
photogen,photogenic,"The scenery around here is very photogenic.","Die Landschaft hier ist sehr fotogen."
die Hafenstadt,port town,"The largest port town on the north coast.","Die größte Hafenstadt an der Nordküste."
malerisch / idyllisch,quaint,"The hotel was on a quaint little street by the harbour.","Das Hotel lag an einer malerischen kleinen Straße am Hafen."
die Landeshauptstadt / Regionalhauptstadt,regional capital,"Rennes is the regional capital of Brittany.","Rennes ist die Regionalhauptstadt der Bretagne."
dreckig / ungepflegt,scruffy,"The city centre is all right, but the suburbs are a bit scruffy.","Das Stadtzentrum ist in Ordnung, aber die Vororte sind etwas ungepflegt."
autark / eigenständig,self-contained,"She lives in a self-contained flat on the second floor.","Sie wohnt in einer abgeschlossenen Wohnung im zweiten Stock."
das Elendsviertel,shanty town,"He grew up in a shanty town outside Santiago.","Er wuchs in einem Elendsviertel außerhalb von Santiago auf."
schläfrig / verschlafen,sleepy,"We spent a week in a sleepy village outside Cirencester.","Wir verbrachten eine Woche in einem verschlafenen Dorf außerhalb von Cirencester."
der Kurort,spa town,"Buxton and Ashbourne are two spa towns in the Peak District.","Buxton und Ashbourne sind zwei Kurorte im Peak District."
sich erstreckend / ausgebreitet,sprawling,"The university is housed on a sprawling campus to the south of the city.","Die Universität ist auf einem weitläufigen Campus im Süden der Stadt untergebracht."
die Universitätsstadt,university town,"Heidelberg is the oldest university town in Germany.","Heidelberg ist die älteste Universitätsstadt in Deutschland."
gepflegt,well-kept,"Behind the well-kept garden stood a two-storey wooden house.","Hinter dem gepflegten Garten stand ein zweistöckiges Holzhaus."
schmerzlich / bitter,bitterly,"It was a bitterly disappointing result for the England football team.","Es war ein bitter enttäuschendes Ergebnis für die englische Fußballmannschaft."
eng,closely,"The two companies have been closely linked for five years.","Die beiden Unternehmen sind seit fünf Jahren eng miteinander verbunden."
der Wintergarten,conservatory,"As usual, we had breakfast in the conservatory.","Wie üblich frühstückten wir im Wintergarten."
tödlich,deadly,"Cancer is a deadly disease.","Krebs ist eine tödliche Krankheit."
ausweglos / verzweifelt,desperately,"She was desperately sad after her father died.","Sie war verzweifelt traurig, nachdem ihr Vater gestorben war."
das Haushaltsgerät,domestic appliance,"Turn off domestic appliances to save electricity.","Schalten Sie Haushaltsgeräte aus, um Strom zu sparen."
hoffnungslos,hopelessly,"One umbrella was hopelessly inadequate for the three of us.","Ein Regenschirm war für uns drei hoffnungslos unzureichend."
idealerweise,ideally,"Each session should ideally be 30 minutes long.","Jede Sitzung sollte idealerweise 30 Minuten lang sein."
die Isolierung / der Isolator,insulator,"Reindeer skin is a good insulator.","Rentierhaut ist ein guter Isolator."
leicht / ein bisschen,mildly,"He seemed mildly surprised by my question.","Er schien von meiner Frage leicht überrascht."
schrecklich / unangenehm,painfully,"She was painfully shy when she started school.","Sie war schrecklich schüchtern, als sie in die Schule kam."
offenkundig,patently,"It was patently obvious that he had only just got up.","Es war offenkundig, dass er gerade erst aufgestanden war."
völlig / gänzlich,perfectly,"Whatever they did, it was perfectly legal.","Was auch immer sie taten, es war völlig legal."
schiebbar / Schiebe-,sliding,"The sliding doors open automatically as you approach them.","Die Schiebetüren öffnen sich automatisch, wenn man sich ihnen nähert."
atemberaubend,stunning,"The film is visually stunning.","Der Film ist visuell atemberaubend."
das Holz / Bauholz,timber,"We use local timber whenever we can.","Wir verwenden heimisches Holz, wann immer wir können."
vage / unbestimmt,vaguely,"He looked vaguely familiar, but I couldn't remember where I'd seen him before.","Er kam mir vage bekannt vor, aber ich konnte mich nicht erinnern, wo ich ihn schon einmal gesehen hatte."
schrecklich / ziemlich (wild),wildly,"The weather forecast for today was wildly inaccurate.","Die Wettervorhersage für heute war völlig ungenau."
neue Wege beschreiten,to break new ground,"Her work is highly original and succeeds in breaking new ground.","Ihre Arbeit ist sehr originell und schafft es, neue Wege zu beschreiten."
bezaubert,charmed,"The visitors will be charmed when they step through the door.","Die Besucher werden bezaubert sein, wenn sie durch die Tür treten."
einen weiten Bogen spannen / viel abdecken,to cover a lot of ground,"We covered a lot of ground in the first three lessons of the course.","Wir haben in den ersten drei Lektionen des Kurses viel Stoff abgedeckt."
die Führungsschicht / Institution,establishment,"She felt she had to challenge the establishment.","Sie hatte das Gefühl, das Establishment herausfordern zu müssen."
in Gang kommen,to get off the ground,"We thought the project would never get off the ground.","Wir dachten, das Projekt würde nie in Gang kommen."
auf dem Teppich bleiben,to keep your feet on the ground,"It's important to keep your feet on the ground and carry on working hard.","Es ist wichtig, auf dem Teppich zu bleiben und weiter hart zu arbeiten."
mit der Begründung dass,on the grounds that,"He begged for mercy on the grounds that he had never meant to hurt anyone.","Er bat um Gnade mit der Begründung, dass er nie jemanden verletzen wollte."
entwerfen / skizzieren,to sketch out,"He sketched out a design for the new kitchen.","Er entwarf einen Plan für die neue Küche."
gefragt / begehrt,sought-after,"One of the most sought-after architects in the world.","Einer der gefragtesten Architekten der Welt."
seinen Mann stehen / standhaft bleiben,to stand your ground,"She stood her ground and proved them all wrong by the end of the week.","Sie blieb standhaft und bewies ihnen allen bis Ende der Woche das Gegenteil."
unverblümt,bluntly,"To put it bluntly, he's stupid.","Um es unverblümt zu sagen: Er ist dumm."
das Kulturerbe,heritage,"People should appreciate their own heritage.","Menschen sollten ihr eigenes Kulturerbe wertschätzen."
das Gerichtsgebäude,court house,"The court house was built in 1889.","Das Gerichtsgebäude wurde 1889 erbaut."
tiefschürfend / tiefgreifend,profound,"This experience had a profound effect on his career.","Diese Erfahrung hatte eine tiefgreifende Auswirkung auf seine Karriere."
etw. genau sagen können,to put your finger on,"I knew there was something wrong, but I couldn't quite put my finger on what it was.","Ich wusste, dass etwas nicht stimmte, aber ich konnte nicht genau sagen, was es war."
einzig,sole,"His sole aim was to finish writing the book before the end of the year.","Sein einziges Ziel war es, das Buch vor Jahresende fertig zu schreiben."
erbaulich,uplifting,"It's a really inspiring story, really uplifting.","Es ist eine wirklich inspirierende Geschichte, wirklich erbaulich."
die Flosse,flipper,"Whales move easily through water because of their flippers.","Wale bewegen sich dank ihrer Flossen leicht durch das Wasser."
ausgestreckt,outstretched,"He sat there silently, staring at his outstretched feet.","Er saß schweigend da und starrte auf seine ausgestreckten Füße."
Neue Wörter,New words,"Example sentence here","Translation here"
verstärken,amplify,"A hearing aid that amplifies speech.","Ein Hörgerät, das Sprache verstärkt."
unterdrücken / weglassen,cut out,"These ear buds cut out external noise.","Diese Ohrstöpsel unterdrücken Außengeräusche."
der Ohrstecker / In-Ear-Kopfhörer,ear bud,"Some ear buds will block out external sounds.","Manche In-Ear-Kopfhörer blockieren Außengeräusche."
praktisch / so gut wie,virtually,"The town looked virtually unchanged since his childhood.","Die Stadt sah seit seiner Kindheit so gut wie unverändert aus."
sich leisten,to afford,"Once I start work, I'll be able to afford a new coat.","Sobald ich anfange zu arbeiten, werde ich mir einen neuen Mantel leisten können."
zerbrechen,to break,"I dropped a plate and broke it.","Ich habe einen Teller fallen lassen und ihn zerbrochen."
beschichtet,coated,"Many tablets today are coated.","Viele Tabletten sind heutzutage beschichtet."
kosmetisch / Schönheits-,cosmetic,"The stadium was given a cosmetic upgrade last year.","Das Stadion erhielt letztes Jahr eine kosmetische Aufwertung."
entsorgen,to dispose of,"What's the best way to dispose of old batteries?","Wie entsorgt man alte Batterien am besten?"
verzeihen,to excuse,"I understand why he did it but I still can't excuse his actions.","Ich verstehe, warum er es getan hat, aber ich kann seine Taten immer noch nicht verzeihen."
der Stoff,fabric,"Silk is my favourite fabric for this sort of dress.","Seide ist mein Lieblingsstoff für diese Art von Kleid."
falten,to fold,"He folded up the newspaper and put it back in his briefcase.","Er faltete die Zeitung zusammen und steckte sie zurück in seine Aktentasche."
sich vorstellen,to imagine,"Can you imagine what it would be like to be blind?","Kannst du dir vorstellen, wie es wäre, blind zu sein?"
verhandeln,to negotiate,"We are negotiating a big deal with a Chinese TV company.","Wir verhandeln gerade einen großen Deal mit einem chinesischen Fernsehsender."
die Grenzen neu definieren / überschreiten,to push the boundaries,"Scientists have pushed the boundaries of what is possible.","Wissenschaftler haben die Grenzen des Möglichen neu definiert."
zurückerstatten,to refund,"The amount you paid will be fully refunded.","Der Betrag, den Sie gezahlt haben, wird vollständig zurückerstattet."
sich verlassen,to rely,"Don't worry, you can rely on me.","Keine Sorge, du kannst dich auf mich verlassen."
entfernen,to remove,"You should remove the curtains before painting the window.","Sie sollten die Vorhänge entfernen, bevor Sie das Fenster streichen."
reparieren,to repair,"I need to repair my bike.","Ich muss mein Fahrrad reparieren."
wiederverwenden,to reuse,"We reused the wood to make benches.","Wir haben das Holz wiederverwendet, um Bänke zu bauen."
waschen,to wash,"It's your turn to wash the dishes after dinner.","Du bist an der Reihe, nach dem Abendessen das Geschirr abzuwaschen."
weitverbreitet,widespread,"Corruption was widespread in the capital.","Korruption war in der Hauptstadt weitverbreitet."
dazu kommen,to come,"He slowly came to realise that the company was failing.","Er kam langsam zu der Erkenntnis, dass die Firma scheiterte."
geschehen / passieren,to come about,"How did this strange situation come about?","Wie ist diese seltsame Situation zustande gekommen?"
auf etw. stoßen,to come across,"I came across some old photographs when I was looking for my tennis racket.","Ich stieß auf ein paar alte Fotos, als ich nach meinem Tennisschläger suchte."
klappen / gelingen,to come off,"If this comes off, no one will be more surprised than me.","Wenn das klappt, wird niemand überraschter sein als ich."
auf etw. stoßen (Probleme),to come up against,"The biggest problem we came up against was lack of money.","Das größte Problem, auf das wir stießen, war Geldmangel."
sich etw. einfallen lassen,to come up with,"My wife came up with the idea when we were on holiday.","Meine Frau hatte die Idee, als wir im Urlaub waren."
alltäglich,commonplace,"Mobile phones are commonplace now.","Handys sind heute alltäglich."
der Versandhandel / die Versandbestellung,mail-order,"Have you tried mail-order or Internet shopping?","Haben Sie Versandhandel oder Internet-Shopping ausprobiert?"
die Spritztour / der Ausflug,outing,"We had an outing to the beach on Saturday.","Wir machten am Samstag einen Ausflug zum Strand."
die Anerkennung,recognition,"The campaign has received international recognition.","Die Kampagne hat internationale Anerkennung erhalten."
unwürdig,unworthy,"In my opinion, the book was unworthy of all the praise it received.","Meiner Meinung nach war das Buch all des Lobes unwürdig, das es erhielt."
ausgebrannt,burned out,"A lot of people in banking are burned out by the age of 30.","Viele Leute im Bankwesen sind mit 30 Jahren ausgebrannt."
geschäftstüchtig / unternehmerisch,entrepreneurial,"Her entrepreneurial spirit carried her through.","Ihr unternehmerischer Geist trug sie hindurch."
etw. probieren,to give it a go,"I've never run a marathon before, but I'll give it a go.","Ich bin noch nie einen Marathon gelaufen, aber ich werde es versuchen."
über etw. nachdenken,to give it some thought,"Interesting idea! I'll give it some thought over the weekend.","Interessante Idee! Ich werde am Wochenende darüber nachdenken."
etw. Zeit geben,to give it some time,"It's difficult in your first week at university, but give it some time.","Die erste Woche an der Uni ist schwer, aber gib der Sache etwas Zeit."
sein Bestes geben,to give it your best,"I gave it my best, but only managed to come third.","Ich habe mein Bestes gegeben, aber bin nur Dritter geworden."
jdm. eine Chance geben / verschonen,to give someone a break,"Give him a break, he's only just left school.","Gib ihm eine Chance, er hat gerade erst die Schule verlassen."
jdm. grünes Licht geben,to give someone the go-ahead,"They liked our proposal and gave us the go-ahead.","Sie mochten unseren Vorschlag und gaben uns grünes Licht."
luxus / hochwertig,high-end,"We only sell high-end brands in this store.","Wir verkaufen in diesem Geschäft nur Luxusmarken."
schlecht sitzend,ill-fitting,"Jack arrived wearing a pair of ill-fitting jeans.","Jack kam in einer schlecht sitzenden Jeans an."
die Wesensart / der Charakter,make-up,"Modesty has always been part of her make-up.","Bescheidenheit war schon immer Teil ihres Charakters."
die Zufriedenheitsbewertung,satisfaction rating,"Japanese cars regularly top the customer satisfaction ratings.","Japanische Autos führen regelmäßig die Kundenzufriedenheitsbewertungen an."
anschwellen,to swell,"My feet always swell up during a plane journey.","Meine Füße schwellen während einer Flugreise immer an."
umsetzen / realisieren,to implement,"The government implemented an ambitious programme of reforms.","Die Regierung setzte ein ehrgeiziges Reformprogramm um."
die Abholzung,deforestation,"We need to slow down the rate of deforestation in South America.","Wir müssen die Geschwindigkeit der Abholzung in Südamerika verlangsamen."
der Haushalt,household,"70% of households in the city have one or more children.","70% der Haushalte in der Stadt haben ein oder mehrere Kinder."
kurz davor (sein),on the verge of,"We were on the verge of bankruptcy.","Wir standen kurz vor dem Bankrott."
das Einzelhandelsgeschäft / der Einzelhändler,retailer,"December is traditionally the best month for most retailers.","Der Dezember ist traditionell der beste Monat für die meisten Einzelhändler."
in jds. Bann stehen,under a spell,"I was under her spell for the first two months of university.","Ich stand die ersten zwei Monate an der Uni in ihrem Bann."
der Diplomat,diplomat,"She worked for 30 years as a diplomat.","Sie arbeitete 30 Jahre lang als Diplomatin."
das Sprechmuster,speech pattern,"His speech patterns remind me a lot of his father.","Seine Sprechmuster erinnern mich sehr an seinen Vater."
Neue Wörter,New words,"Example sentence here","Translation here"
leutselig / umgänglich,affable,"The staff here are very affable and eager to help.","Das Personal hier ist sehr umgänglich und hilfsbereit."
gemütlich,cosy,"It's lovely and cosy when everyone's sitting round the table.","Es ist schön und gemütlich, wenn alle um den Tisch sitzen."
großartig / imposant,grand,"The houses looked very grand.","Die Häuser sahen sehr großartig aus."
diensteifrig / wichtig tuend,officious,"An officious museum curator.","Ein diensteifriger Museumskurator."
die vorgefasste Meinung,preconception,"We all came to the theatre with different preconceptions.","Wir kamen alle mit unterschiedlichen vorgefassten Meinungen ins Theater."
formen,to shape,"He wrote a book about how humans have shaped the landscape.","Er schrieb ein Buch darüber, wie Menschen die Landschaft geformt haben."
misstrauisch,wary,"He seemed wary of taking any risks.","Er schien misstrauisch zu sein, irgendwelche Risiken einzugehen."
sorglos,carefree,"Since he retired he's lived a carefree existence.","Seit er im Ruhestand ist, führt er ein sorgloses Leben."
die Checkliste,checklist,"We only went there because it was on Sarah's checklist.","Wir sind nur dorthin gegangen, weil es auf Sarahs Checkliste stand."
in den Tag hineinleben,day by day,"He just took life day by day.","Er lebte einfach in den Tag hinein."
die Störung,disruption,"There's been disruption on the railways due to heavy snow.","Es gab Störungen bei der Bahn wegen starkem Schneefall."
persönlich (von Angesicht zu Angesicht),face to face,"We arranged to meet face to face.","Wir vereinbarten ein persönliches Treffen."
säumen / flankieren,to flank,"The lagoon was flanked by majestic mountains.","Die Lagune wurde von majestätischen Bergen gesäumt."
immer besser werden,to go from strength to strength,"The company has gone from strength to strength since opening the new factory.","Seit der Eröffnung der neuen Fabrik ist das Unternehmen immer besser geworden."
mit etw. einhergehen / Hand in Hand gehen,to go hand in hand,"Her success went hand in hand with the hard work.","Ihr Erfolg ging Hand in Hand mit der harten Arbeit."
nicht aufhören wollen / ständig reden,to go on and on,"He went on and on about the traffic on the M25.","Er hörte nicht auf, über den Verkehr auf der M25 zu reden."
die Schlucht,gorge,"The road through the gorge is incredibly beautiful.","Die Straße durch die Schlucht ist unglaublich schön."
der Reiseplan,itinerary,"Have you seen the itinerary for tomorrow?","Hast du den Reiseplan für morgen gesehen?"
Kopf-an-Kopf,neck and neck,"They were neck and neck as they came to the last 100 metres.","Sie lagen Kopf an Kopf, als sie die letzten 100 Meter erreichten."
etw. vorgeben / sich verstellen,to pretend,"They pretend to be someone different.","Sie geben vor, jemand anderes zu sein."
einer Meinung sein,to see eye to eye,"He hasn't always seen eye to eye with his neighbour.","Er war nicht immer einer Meinung mit seinem Nachbarn."
schwelend,smouldering,"We explored a cave under the smouldering volcano.","Wir erkundeten eine Höhle unter dem schwelenden Vulkan."
die Vorfreude,anticipation,"We arrived in Spain with a feeling of great anticipation.","Wir kamen mit großer Vorfreude in Spanien an."
der Kurzurlaub,break,"We went on a weekend break to Paris.","Wir machten einen Wochenend-Kurzurlaub in Paris."
erhebend / aufregend,exhilarating,"A long but exhilarating trip to the mountains.","Ein langer, aber erhebender Ausflug in die Berge."
die Erwartung,expectation,"The film exceeded all our expectations.","Der Film übertraf all unsere Erwartungen."
zusteuern auf,to head for,"I'm going to head for Manchester.","Ich werde auf Manchester zusteuern."
der Urlaub,holiday,"We usually go to Spain on holiday.","Wir fahren normalerweise im Urlaub nach Spanien."
die Reise,journey,"How long does the journey take?","Wie lange dauert die Reise?"
der Ort / Standort,location,"Our hotel was in a convenient location near the city centre.","Unser Hotel befand sich an einem günstigen Standort in der Nähe des Stadtzentrums."
zauberhaft,magical,"The cottage was a truly magical place.","Das Häuschen war ein wahrhaft zauberhafter Ort."
sich auf den Weg machen,to make your way,"Will customers please make their way to the exit.","Kunden möchten sich bitte auf den Weg zum Ausgang machen."
bewältigen / schaffen,to manage,"I haven't managed to save much money yet this year.","Ich habe es dieses Jahr noch nicht geschafft, viel Geld zu sparen."
zu viel berechnet (worden),overcharged,"Be careful and don't get overcharged in the market.","Sei vorsichtig, dass dir auf dem Markt nicht zu viel berechnet wird."
beliebt,popular,"He's very popular with his classmates.","Er ist bei seinen Klassenkameraden sehr beliebt."
ruinieren,to ruin,"There was a big argument which ruined the rest of the evening.","Es gab einen großen Streit, der den Rest des Abends ruinierte."
aufbrechen,to set off,"Wilson set off up the mountain without a guide.","Wilson brach ohne Führer zum Berg auf."
der Schlitten,sled,"The sled was pulled by a team of six huskies.","Der Schlitten wurde von einem Gespann aus sechs Huskys gezogen."
verderben,to spoil,"I don't want to spoil their fun.","Ich möchte ihnen den Spaß nicht verderben."
die Stelle / der Ort,spot,"This is the very spot where Lenin got off the train.","Das ist genau die Stelle, an der Lenin aus dem Zug stieg."
sich aufmachen / starten,to start out,"It was still dark when we started out in the morning.","Es war noch dunkel, als wir uns am Morgen aufmachten."
der Eintopf,stew,"We're having stew tonight.","Heute Abend essen wir Eintopf."
Erfolg haben / gelingen,to succeed,"She doesn't stop until she succeeds at something.","Sie hört nicht auf, bis sie bei etwas Erfolg hat."
das Badkleid / der Badeanzug,swimming costume,"Don't forget to pack your swimming costume.","Vergiss nicht, deinen Badeanzug einzupacken."
der Badeanzug,swimsuit,"I forgot to bring my swimsuit.","Ich habe vergessen, meinen Badeanzug mitzubringen."
aufregend,thrilling,"The movie is a thrilling adventure.","Der Film ist ein aufregendes Abenteuer."
die Fahrt / die Reise,trip,"How was your trip to Korea?","Wie war deine Reise nach Korea?"
beliebt (gut gelitten),well-liked,"A well-liked TV personality.","Eine beliebte TV-Persönlichkeit."
wunderbar,wonderful,"We had a wonderful holiday.","Wir hatten einen wunderbaren Urlaub."
eine Frage der Zeit,a matter of time,"It's only a matter of time before someone works out how to do it.","Es ist nur eine Frage der Zeit, bis jemand herausfindet, wie es geht."
selbstverständlich,as a matter of course,"I buy apples rather than pears as a matter of course.","Ich kaufe selbstverständlich eher Äpfel als Birnen."
aus Prinzip,as a matter of principle,"I never fly on a matter of principle.","Ich fliege aus Prinzip nie."
wenn wir schon dabei sind / was das betrifft,for that matter,"The books are ideal for children, and adults too for that matter.","Die Bücher sind ideal für Kinder, und auch für Erwachsene, was das betrifft."
bewundern,to marvel,"I marvelled at the grand buildings in Petra.","Ich bewunderte die großartigen Gebäude in Petra."
reine Willenssache,mind over matter,"It might be a case of mind over matter, but it really hurts!","Es mag reine Willenssache sein, aber es tut wirklich weh!"
nicht zum Lachen / nicht komisch,no laughing matter,"Getting lost in the mountains was no laughing matter.","Sich in den Bergen zu verirren, war nicht zum Lachen."
wie man es auch betrachtet,no matter which way you look at something,"No matter which way you look at it, climate change is a disaster.","Wie man es auch betrachtet, der Klimawandel ist eine Katastrophe."
penibel / äußerst sorgfältig,painstaking,"In the early years, it was slow and painstaking work.","In den frühen Jahren war es langsame und äußerst sorgfältige Arbeit."
unheimlich,uncanny,"He had an uncanny ability to know what I was about to say.","Er hatte die unheimliche Fähigkeit zu wissen, was ich sagen wollte."
Vorsichtsmaßnahmen treffen,to take precautions,"Wear a scarf just as a precaution.","Trag einen Schal, nur als Vorsichtsmaßnahme."
die Bandage / der Verband,bandage,"We put a bandage on his knee.","Wir haben einen Verband an seinem Knie angelegt."
der Klappentext,blurb,"According to the blurb, she wrote this in just three weeks.","Laut dem Klappentext hat sie das in nur drei Wochen geschrieben."
fesselnd,compelling,"Another compelling story from Denmark's favourite author.","Eine weitere fesselnde Geschichte von Dänemarks Lieblingsautor."
überzeugend,convincing,"It was a very convincing article.","Es war ein sehr überzeugender Artikel."
das Schicksal,destiny,"Your destiny is to become a great leader.","Dein Schicksal ist es, ein großer Anführer zu werden."
die Bestürzung,dismay,"The minister voiced her dismay.","Die Ministerin äußerte ihre Bestürzung."
weit hergeholt,far-fetched,"The plot was much too far-fetched.","Die Handlung war viel zu weit hergeholt."
flüchtig blicken,to glance,"I glanced at my watch.","Ich blickte flüchtig auf meine Uhr."
schwere Kost / mühsam,heavy-going,"I find Arnold Bennett's books very heavy-going.","Ich finde Arnold Bennetts Bücher sehr mühsam zu lesen."
der Mönch,monk,"The monastery is home to a community of 45 monks.","Das Kloster beherbergt eine Gemeinschaft von 45 Mönchen."
die Prosa,prose,"Most of Bunin's later work is prose.","Der Großteil von Bunins späterem Werk ist Prosa."
bloß / pur / schier,sheer,"By sheer luck, we found a parking space straight away.","Durch bloßes Glück fanden wir sofort einen Parkplatz."
ausgestreckt,stretched out,"He was lying stretched out on his back.","Er lag ausgestreckt auf dem Rücken."
willensstark,strong-willed,"He grew into a powerful and strong-willed young man.","Er wuchs zu einem kraftvollen und willensstarken jungen Mann heran."
zum Nachdenken anregend,thought-provoking,"We watched a really thought-provoking documentary last night.","Wir haben gestern Abend eine wirklich zum Nachdenken anregende Dokumentation gesehen."
der Trailer,trailer,"You can see the trailer for her latest film on YouTube.","Du kannst den Trailer für ihren neuesten Film auf YouTube sehen."
ereignislos,uneventful,"The trip home was uneventful.","Die Heimreise war ereignislos."
trocken / nicht anregend,uninspiring,"It was a dull, uninspiring task.","Es war eine langweilige, nicht anregende Aufgabe."
die Tugend,virtue,"Each character is very human in their virtues and their faults.","Jeder Charakter ist sehr menschlich in seinen Tugenden und Fehlern."
sich etw. schnappen,to grab,"I usually grab a quick coffee on my way to work.","Normalerweise schnappe ich mir auf dem Weg zur Arbeit einen schnellen Kaffee."
der/die Wallfahrer/-in / Pilger,pilgrim,"More than 350 pilgrims arrived here last week.","Mehr als 350 Pilger kamen letzte Woche hier an."
ehrlich gesagt,truth be told,"Truth be told, I never liked the James Bond films.","Ehrlich gesagt mochte ich die James-Bond-Filme nie."
der gehobenen Preisklasse / exklusiv,upmarket,"An upmarket restaurant in Pimlico.","Ein Restaurant der gehobenen Preisklasse in Pimlico."
Neue Wörter,New words,"Example sentence here","Translation here"
in Form bleiben,to keep in shape,"How do you keep in shape so well?","Wie bleibst du so gut in Form?"
von etw. völlig eingenommen sein / besessen sein,to obsess,"He was constantly obsessing over his diet.","Er war ständig von seiner Diät besessen."
Sport treiben / trainieren,to work out,"I work out three times a week at the gym.","Ich trainiere dreimal die Woche im Fitnessstudio."
das Backup / die Sicherungskopie,backup,"Don't switch the computer off until the backup has finished.","Schalten Sie den Computer nicht aus, bis das Backup beendet ist."
der Einbruch,break-in,"We had a break-in last night.","Wir hatten letzte Nacht einen Einbruch."
der/das Drive-in,drive-through,"A new drive-through restaurant on the Coventry Road.","Ein neues Drive-in-Restaurant an der Coventry Road."
zurückgreifen auf,to fall back on,"I had to fall back on my savings.","Ich musste auf meine Ersparnisse zurückgreifen."
weit entfernt,far-off,"The story told of a king and queen in a far-off land.","Die Geschichte erzählte von einem König und einer Königin in einem weit entfernten Land."
etw. entkommen / herauskommen,to get out of,"He always manages to get out of it.","Er schafft es immer, da rauszukommen."
auf etw. stoßen (Idee),to hit on,"They hit on the solution quite by chance.","Sie stießen ganz zufällig auf die Lösung."
ganzheitlich,holistic,"I have a holistic approach to my health.","Ich habe einen ganzheitlichen Ansatz für meine Gesundheit."
das Immunsystem,immune system,"Exercise can help boost your immune system.","Sport kann helfen, dein Immunsystem zu stärken."
sich über etw. auf dem Laufenden halten,to keep up with,"I keep up with my brother on Facebook.","Ich halte mich über meinen Bruder auf Facebook auf dem Laufenden."
etw. auf etw. zurückführen,to put down to,"Most people put it down to me being lazy.","Die meisten Leute führten es darauf zurück, dass ich faul bin."
jdm. etw. verleiden / abschrecken,to put off,"Don't let that one bad experience put you off golf.","Lass dich von dieser einen schlechten Erfahrung nicht vom Golfen abschrecken."
etw. für etw. vorsehen / beiseitelegen,to set aside,"How much time do you set aside for exercise each week?","Wie viel Zeit planst du jede Woche für Sport ein?"
aufbauen / gründen,to set up,"She wants to set up her own business.","Sie möchte ihr eigenes Unternehmen aufbauen."
der Zwischenstopp,stop-off,"We had a four-hour stop-off in Dubai.","Wir hatten einen vierstündigen Zwischenstopp in Dubai."
anstrengend,strenuous,"A strenuous five-mile hike across the hills.","Eine anstrengende Fünf-Meilen-Wanderung über die Hügel."
durchstarten,to take off,"After two years, the business really took off.","Nach zwei Jahren startete das Geschäft richtig durch."
auf etw. zurückkommen / Angebot annehmen,to take up on,"I'd like to take you up on your offer of a loan.","Ich würde gerne auf dein Angebot eines Kredits zurückkommen."
die Anspannung / Verspannung,tension,"Tension in the neck muscles can be very uncomfortable.","Verspannungen in der Nackenmuskulatur können sehr unangenehm sein."
modisch / angesagt,trendy,"A trendy hairstyle.","Eine angesagte Frisur."
angegriffen werden,under attack,"Your body is under attack from all sorts of bacteria.","Dein Körper wird von allen möglichen Bakterien angegriffen."
brechen,to break,"I think I've broken my arm.","Ich glaube, ich habe mir den Arm gebrochen."
prellen,to bruise,"I bruised my leg when I fell off my bike.","Ich habe mir das Bein geprellt, als ich vom Fahrrad fiel."
die Beule / sich stoßen,to bump,"Mind you don't bump your head.","Pass auf, dass du dir nicht den Kopf stößt."
abplatzen / abschlagen,to chip,"She chipped a tooth on a piece of shell.","Sie hat sich an einem Stück Schale einen Zahn abgebrochen."
schrammen / aufschürfen,to graze,"I slid down the stairs, grazing my legs quite badly.","Ich rutschte die Treppe hinunter und schürfte mir die Beine ziemlich übel auf."
in einer schlimmen Verfassung,in a bad way,"He's in a bad way and still in hospital.","Er ist in einer schlimmen Verfassung und immer noch im Krankenhaus."
verlieren (Stimme),to lose (voice),"The show finished early after the lead singer lost her voice.","Die Show endete frühzeitig, nachdem die Sängerin ihre Stimme verloren hatte."
angeschlagen / unwohl,off colour,"I've been feeling a bit off colour all week.","Ich fühle mich schon die ganze Woche etwas angeschlagen."
auf dem Weg der Besserung,on the mend,"She's been on the mend all week.","Sie ist schon die ganze Woche auf dem Weg der Besserung."
ohnmächtig werden,to pass out,"It was so hot on the bus I thought I was going to pass out.","Es war so heiß im Bus, dass ich dachte, ich werde ohnmächtig."
überdehnen / zerren,to pull (muscle),"She pulled her calf muscle.","Sie hat sich den Wadenmuskel gezerrt."
die Rippe,rib,"He cracked a rib playing rugby.","Er hat sich beim Rugby eine Rippe angeknackst."
ausgelaugt,run down,"I felt so run down after working three weeks without a day off.","Ich fühlte mich so ausgelaugt, nachdem ich drei Wochen ohne freien Tag gearbeitet hatte."
durchgeschüttelt / gebeutelt,shaken up,"Joe is still shaken up after the incident.","Joe ist nach dem Vorfall immer noch ganz durchgeschüttelt."
verstauchen,to sprain,"She slipped and sprained her ankle.","Sie rutschte aus und verstauchte sich den Knöchel."
überlasten / zerren,to strain,"Mind you don't strain yourself doing too much gardening.","Pass auf, dass du dich bei der Gartenarbeit nicht übernimmst."
stoßen,to stub,"I stubbed my toe on the bedside table.","Ich habe mir den Zeh am Nachttisch gestoßen."
nicht ganz auf der Höhe sein,under the weather,"I'm a bit under the weather, but nothing serious.","Ich bin nicht ganz auf der Höhe, aber es ist nichts Ernstes."
ästhetisch / geschmackvoll,aesthetic,"The new design has a strong aesthetic appeal.","Das neue Design hat einen starken ästhetischen Reiz."
wörtlich nehmen / für bare Münze nehmen,at face value,"You shouldn't take what Johnson says at face value.","Du solltest nicht für bare Münze nehmen, was Johnson sagt."
die Spule / aufwickeln,coil,"Wind it into a coil.","Wickle es zu einer Spule auf."
die Gesichtsfarbe / der Teint,complexion,"She had a beautiful, delicate complexion.","Sie hatte einen schönen, zarten Teint."
die Suppe auslöffeln / dafür geradestehen,to face the music,"We decided to face the music and admitted we had taken the car.","Wir beschlossen, dafür geradezustehen, und gaben zu, das Auto genommen zu haben."
das Füßebinden,foot-binding,"Foot-binding is no longer carried out.","Das Füßebinden wird nicht mehr praktiziert."
viel Aufhebens machen,to fuss over,"Stop fussing over me – I can do it myself.","Hör auf, so ein Aufheben um mich zu machen – ich kann das selbst."
der Kiefer,jaw,"The boxer suffered a broken jaw.","Der Boxer erlitt einen Kieferbruch."
keine Miene verziehen / ernst bleiben,to keep a straight face,"How can you watch that and keep a straight face?","Wie kannst du das ansehen und dabei ernst bleiben?"
ein langes Gesicht (ziehen),long face,"Why the long face?","Warum das lange Gesicht?"
das Gesicht verlieren,to lose face,"They weren't prepared to lose face in the negotiations.","Sie waren nicht bereit, in den Verhandlungen ihr Gesicht zu verlieren."
auf den ersten Blick,on the face of it,"On the face of it, it sounds like a good idea.","Auf den ersten Blick klingt das nach einer guten Idee."
jdn. beschäftigen,to preoccupy,"He's been preoccupied with planning his next novel.","Er ist damit beschäftigt, seinen nächsten Roman zu planen."
gute Miene zum bösen Spiel machen,to put a brave face on,"Ministers were trying to put a brave face on the election results.","Die Minister versuchten, gute Miene zu den Wahlergebnissen zu machen."
die Suche / das Bestreben,quest,"Her never-ending quest for the perfect wildlife photograph.","Ihre endlose Suche nach dem perfekten Tierfoto."
der Scout,scout,"He's a scout for a top model agency.","Er ist ein Scout für eine Top-Modelagentur."
oberflächlich,shallow,"He has only a shallow understanding of the problem.","Er hat nur ein oberflächliches Verständnis des Problems."
der Status / Rang,status,"My grandfather's family had very low social status.","Die Familie meines Großvaters hatte einen sehr niedrigen sozialen Status."
der Charakterzug / das Merkmal,trait,"Genetic traits can affect intelligence.","Genetische Merkmale können die Intelligenz beeinflussen."
die Eitelkeit,vanity,"Products designed to appeal to female vanity.","Produkte, die die weibliche Eitelkeit ansprechen sollen."
dementsprechend,accordingly,"Keep an eye on the temperature and adjust the flame accordingly.","Behalten Sie die Temperatur im Auge und passen Sie die Flamme dementsprechend an."
zugegebenermaßen,admittedly,"Admittedly, we used a very small sample for the survey.","Zugegebenermaßen haben wir eine sehr kleine Stichprobe für die Umfrage verwendet."
im Gegenzug / umgekehrt,conversely,"If they succeed, they'll get a bonus. Conversely, if they fail...","Wenn sie Erfolg haben, bekommen sie einen Bonus. Umgekehrt, wenn sie scheitern..."
überwachen,to monitor,"We use remote cameras to monitor the traffic.","Wir verwenden Fernkameras, um den Verkehr zu überwachen."
insgesamt,overall,"Overall, the new rules have had little effect.","Insgesamt hatten die neuen Regeln wenig Auswirkungen."
das Pilotprojekt,pilot scheme,"The pilot scheme was abandoned after only three weeks.","Das Pilotprojekt wurde nach nur drei Wochen abgebrochen."
die Prämie,premium,"Insurance premiums for drivers under 25 are incredibly high.","Versicherungsprämien für Fahrer unter 25 sind unglaublich hoch."
der/die Antwortende (Befragte),respondent,"Well over half the respondents lived in the south.","Weit über die Hälfte der Befragten lebte im Süden."
die Apathie / Teilnahmslosigkeit,apathy,"The proposal was greeted with apathy.","Der Vorschlag wurde mit Teilnahmslosigkeit aufgenommen."
ungeschickt,awkwardly,"I landed awkwardly and sprained my ankle.","Ich landete ungeschickt und verstauchte mir den Knöchel."
die Einberufung / Wehrpflicht,draft,"They no longer have the draft in the US.","In den USA gibt es keine Wehrpflicht mehr."
das Filmmaterial,footage,"The documentary includes footage of Trotsky.","Der Dokumentarfilm enthält Filmmaterial von Trotzki."
der Stuntman,stuntman,"They wouldn't let him film the scene himself and insisted on using a stuntman.","Sie ließen ihn die Szene nicht selbst drehen und bestanden auf einem Stuntman."
unvermeidlich,inevitable,"It was almost inevitable that he would lose the election.","Es war fast unvermeidlich, dass er die Wahl verlieren würde."
vorbeugend / präventiv,preventive,"If you take preventive measures, you can reduce the risk.","Wenn Sie vorbeugende Maßnahmen ergreifen, können Sie das Risiko verringern."
sitzend,sedentary,"A sedentary lifestyle.","Ein sitzender Lebensstil."
Neue Wörter,New words,"Example sentence here","Translation here"
schmälern / ablenken,to detract from,"This should not detract from the reality of the change.","Dies sollte die Realität des Wandels nicht schmälern."
das Maßhalten,moderation,"That's all fine so long as it's done in moderation.","Das ist alles in Ordnung, solange es in Maßen geschieht."
per Post versenden / posten,to post,"She posted lots of photos of her holiday on Facebook.","Sie postete viele Fotos von ihrem Urlaub auf Facebook."
das Steuer übernehmen / übernehmen,to take over,"Don't let social media take over your life.","Lass nicht zu, dass soziale Medien dein Leben übernehmen."
hochladen,to upload,"It's easy to upload your photos.","Es ist einfach, deine Fotos hochzuladen."
das Emoticon,emoji,"Her text messages seem to be more emojis than words.","Ihre SMS scheinen mehr aus Emojis als aus Wörtern zu bestehen."
umdrehen,to flip,"She flipped the envelope over.","Sie drehte den Umschlag um."
kurze Aufmerksamkeitsspanne,grasshopper mind,"My French teacher told me I had a grasshopper mind.","Mein Französischlehrer sagte mir, ich hätte eine kurze Aufmerksamkeitsspanne."
das Hashtag,hashtag,"Use the hashtag #tedtalk when you tweet about it.","Verwenden Sie das Hashtag #tedtalk, wenn Sie darüber twittern."
unabkömmlich,indispensable,"A dictionary is an indispensable tool for language learners.","Ein Wörterbuch ist ein unabkömmliches Werkzeug für Sprachlerner."
anfänglich,initial,"The initial ban was introduced in 2006.","Das anfängliche Verbot wurde 2006 eingeführt."
jdm. überlegen sein,to outclass,"She completely outclassed her opponent.","Sie war ihrer Gegnerin völlig überlegen."
herauswachsen aus,to outgrow,"We bought him some boots in September and he'd outgrown them by February.","Wir kauften ihm im September Stiefel und bis Februar war er aus ihnen herausgewachsen."
jdn. überleben,to outlive,"She outlived her husband by 15 years.","Sie überlebte ihren Ehemann um 15 Jahre."
zahlenmäßig überlegen sein,to outnumber,"The restaurant was so quiet the staff outnumbered the customers.","Das Restaurant war so ruhig, dass das Personal den Kunden zahlenmäßig überlegen war."
sich besser verkaufen als etw.,to outsell,"iPhones outsold Samsung in the first half of the year.","iPhones verkauften sich in der ersten Jahreshälfte besser als Samsung."
überwiegen,to outweigh,"I think the negatives far outweigh the positives.","Ich denke, die negativen Aspekte überwiegen bei weitem die positiven."
posieren,to pose,"He was photographed in various poses.","Er wurde in verschiedenen Posen fotografiert."
neben,alongside,"Can we achieve proper environmental protection alongside economic growth?","Können wir echten Umweltschutz neben Wirtschaftswachstum erreichen?"
ungefähr,ballpark,"How much will it cost? Give me a ballpark figure.","Wie viel wird es kosten? Nennen Sie mir eine ungefähre Zahl."
bewährte Methoden,best practice,"Always follow best practice when setting up the project.","Folgen Sie beim Aufsetzen des Projekts immer den bewährten Methoden."
etw. glauben / akzeptieren,to buy into,"I'm not sure I want to buy into this strategy.","Ich bin mir nicht sicher, ob ich dieser Strategie glauben möchte."
kundenorientiert,customer-focused,"Creating a customer-focused culture is essential.","Die Schaffung einer kundenorientierten Kultur ist essenziell."
in Zukunft,going forward,"What does this mean for the company going forward?","Was bedeutet das für das Unternehmen in Zukunft?"
auf dem Laufenden (halten),in the loop,"Keep me in the loop while I'm away.","Halte mich auf dem Laufenden, während ich weg bin."
treu,loyal,"Luckily we have a large number of loyal customers.","Zum Glück haben wir eine große Anzahl treuer Kunden."
kein Hexenwerk,not rocket science,"Look, it's not rocket science.","Schau, es ist kein Hexenwerk."
die gleiche Sprache sprechen (einig sein),on the same page,"It looks as though we're all on the same page.","Es sieht so aus, als ob wir alle die gleiche Sprache sprechen."
der Wahrheit ins Auge blicken,reality check,"After this reality check we revised our plans.","Nachdem wir der Wahrheit ins Auge geblickt hatten, überarbeiteten wir unsere Pläne."
um die Ecke denken,to think outside the box,"We need to think outside the box if we want to find the solution.","Wir müssen um die Ecke denken, wenn wir die Lösung finden wollen."
die Win-win-Situation,win-win,"The proposal looked like a win-win for everyone.","Der Vorschlag sah für alle wie eine Win-win-Situation aus."
würdig,worthy,"The campaign has clear and worthy objectives.","Die Kampagne hat klare und würdige Ziele."
der/die Amateur/-in,amateur,"He was an enthusiastic amateur on the guitar.","Er war ein enthusiastischer Amateur auf der Gitarre."
die Kosten decken,to break even,"We didn't make a profit, but at least we broke even.","Wir haben keinen Gewinn gemacht, aber zumindest die Kosten gedeckt."
den Tiefpunkt überwinden,to break the back,"It's a long job, but we've broken the back of it now.","Es ist eine lange Arbeit, aber wir haben den Tiefpunkt jetzt überwunden."
sich ruinieren (finanziell),to break the bank,"A visit to Australia won't break the bank.","Ein Besuch in Australien wird dich nicht ruinieren."
sich etw. abgewöhnen,to break the habit,"Try to break the habit of putting sugar in your coffee.","Versuch dir abzugewöhnen, Zucker in den Kaffee zu tun."
Nachrichten überbringen,to break the news,"The manager broke the news that the factory was going to close.","Der Manager überbrachte die Nachricht, dass die Fabrik schließen würde."
schwach beleuchtet,dimly-lit,"We went down some steps into a dimly-lit club.","Wir gingen ein paar Stufen hinunter in einen schwach beleuchteten Club."
hässlich / plump / grob,gross,"The article was a gross misrepresentation of what I said.","Der Artikel war eine grobe Falschdarstellung dessen, was ich gesagt habe."
die Handschellen,handcuffs,"The two men were led away in handcuffs.","Die beiden Männer wurden in Handschellen abgeführt."
hypnotisierend,mesmerizing,"Her performance as Cleopatra was mesmerizing.","Ihre Vorstellung als Kleopatra war hypnotisierend."
die Falschdarstellung,misrepresentation,"That's a plain misrepresentation of what I said!","Das ist eine klare Falschdarstellung dessen, was ich gesagt habe!"
stopfen / kitten,to plug,"The government are determined to plug the loopholes in the tax system.","Die Regierung ist entschlossen, die Schlupflöcher im Steuersystem zu stopfen."
zurückholen,to retrieve,"He retrieved his passport from the hotel reception desk.","Er holte seinen Pass von der Hotelrezeption zurück."
eingerissen,ripped,"It is common to see students with ripped shirts on campus.","Es ist üblich, Studenten mit eingerissenen Hemden auf dem Campus zu sehen."
gestreut / übersät,strewn,"The room was filthy and clothes were strewn everywhere.","Das Zimmer war dreckig und Kleidung war überall verstreut."
enorm / riesig,vast,"They've destroyed vast areas of land.","Sie haben riesige Landflächen zerstört."
verletzlich,vulnerable,"The elderly are among the most vulnerable in today's society.","Ältere Menschen gehören zu den Verletzlichsten in der heutigen Gesellschaft."
wohl,arguably,"His second novel was arguably better than his first.","Sein zweiter Roman war wohl besser als sein erster."
verlaufen / verschmelzen,to blend,"It can easily blend into the background.","Es kann leicht mit dem Hintergrund verschmelzen."
der Auftrag,commission,"He's received a commission to do a similar painting.","Er hat einen Auftrag erhalten, ein ähnliches Gemälde zu malen."
die Kreatur,creature,"Are there any poisonous creatures in your country?","Gibt es giftige Kreaturen in deinem Land?"
abgeben / ausstoßen,to emit,"All computers emit a small amount of radiation.","Alle Computer geben eine kleine Menge Strahlung ab."
leuchtend,glowing,"In the distance we could see the glowing lights of Edinburgh.","In der Ferne konnten wir die leuchtenden Lichter von Edinburgh sehen."
ironisch,ironic,"It's ironic that the first goal was scored by a defender.","Es ist ironisch, dass das erste Tor von einem Verteidiger erzielt wurde."
das Raubtier,predator,"The fish are easily recognised by predators.","Die Fische werden von Raubtieren leicht erkannt."
die Fotomontage / Trickfotografie,trick photography,"They used trick photography to show Astaire dancing with three of his shadows.","Sie benutzten Fotomontage, um Astaire mit drei seiner Schatten tanzen zu zeigen."
die Zusammenarbeit,collaboration,"The project requires close collaboration with doctors.","Das Projekt erfordert eine enge Zusammenarbeit mit Ärzten."
entwerten,to devalue,"We mustn't devalue the role of women in history.","Wir dürfen die Rolle der Frauen in der Geschichte nicht entwerten."
gefährdet,endangered,"Tigers are now an endangered species.","Tiger sind jetzt eine gefährdete Art."
eingeboren / einheimisch,indigenous,"The island has no indigenous inhabitants.","Die Insel hat keine eingeborenen Bewohner."
der Einblick,insight,"The book gives a real insight into the causes of the war.","Das Buch gibt einen echten Einblick in die Ursachen des Krieges."
das Lexikon,lexicon,"A lexicon of technical terms in music.","Ein Lexikon technischer Begriffe in der Musik."
Zug- / wandernd,migratory,"The lakes attract a variety of migratory birds in autumn.","Die Seen ziehen im Herbst eine Vielzahl von Zugvögeln an."
wiederbelebt,revitalized,"I felt revitalized after my shower.","Ich fühlte mich nach meiner Dusche wiederbelebt."
akustisch,acoustic,"He plays acoustic guitar in the second half of the show.","Er spielt in der zweiten Hälfte der Show akustische Gitarre."
Daumen drücken,fingers crossed,"I've sent off my job application – fingers crossed.","Ich habe meine Bewerbung abgeschickt – Daumen drücken."
talentiert,gifted,"She's a naturally-gifted musician.","Sie ist eine von Natur aus talentierte Musikerin."
summen,to hum,"I realised I was humming when people started staring at me.","Ich merkte, dass ich summte, als die Leute anfingen, mich anzustarren."
das Keyboard,keyboard,"He plays keyboard in our band.","Er spielt Keyboard in unserer Band."
nervenaufreibend,nerve-racking,"I find it very nerve-racking having to speak in front of a large audience.","Ich finde es sehr nervenaufreibend, vor einem großen Publikum sprechen zu müssen."
touren,to tour,"We're touring in Scotland next year.","Wir touren nächstes Jahr durch Schottland."
vielschichtig / eklektisch,eclectic,"He has pretty eclectic tastes.","Er hat einen ziemlich vielschichtigen Geschmack."
die Gänsehaut,goosebumps,"I get goosebumps just thinking about it.","Ich bekomme Gänsehaut, wenn ich nur daran denke."
introspektiv / selbstbeobachtend,introspective,"The characters in his novels are all very introspective.","Die Charaktere in seinen Romanen sind alle sehr introspektiv."
massenhaft / Massen-,mass,"The 1930s was a decade of mass unemployment.","Die 1930er Jahre waren ein Jahrzehnt der Massenarbeitslosigkeit."
der Geschmack,taste,"She has very good taste in music.","Sie hat einen sehr guten Musikgeschmack."
peppig / optimistisch,upbeat,"He had a very upbeat approach to life.","Er hatte eine sehr optimistische Einstellung zum Leben."
sich selbst loben,to blow your own trumpet,"I don't want to blow my own trumpet, but I passed my driving test first time.","Ich will mich nicht selbst loben, aber ich habe meine Führerscheinprüfung beim ersten Mal bestanden."
andere Saiten aufziehen / Meinung ändern,to change your tune,"You'll soon change your tune when you see how comfortable the hotel is.","Du wirst deine Meinung schnell ändern, wenn du siehst, wie komfortabel das Hotel ist."
die Störung (medizinisch),disorder,"Our daughter had an eating disorder.","Unsere Tochter hatte eine Essstörung."
zusammenhangslos / unzusammenhängend,incoherent,"He was incoherent with anger.","Er war vor Wut unzusammenhängend."
die Hemmung,inhibition,"Singing in a choir will help you lose your inhibitions.","In einem Chor zu singen hilft dir, deine Hemmungen zu verlieren."
eine Staatsaffäre aus etw. machen,to make a song and dance,"He made such a song and dance about mending the window.","Er machte ein riesen Theater darum, das Fenster zu reparieren."
Musik in meinen Ohren,music to your ears,"This news was music to our ears.","Diese Nachricht war Musik in unseren Ohren."
spontan entscheiden / improvisieren,to play something by ear,"Don't follow a script in the interview – just play it by ear.","Folge im Interview keinem Skript – entscheide einfach spontan."
das Wortspiel,pun,"My grandfather likes making puns.","Mein Großvater mag es, Wortspiele zu machen."
der/die Skeptiker/-in,sceptic,"When it comes to climate change, he's still a sceptic.","Wenn es um den Klimawandel geht, ist er immer noch ein Skeptiker."
jdn. berühren / Anklang finden,to strike a chord,"The photo struck a chord with me.","Das Foto hat mich berührt."
etw. durchmachen / erleben,to undergo,"The city has undergone huge changes in recent years.","Die Stadt hat in den letzten Jahren große Veränderungen durchgemacht."
das Attentat,assassination,"The assassination of John Lennon in 1980.","Das Attentat auf John Lennon im Jahr 1980."
der/die Schiffbrüchige,castaway,"Robinson Crusoe is probably the most famous castaway in fiction.","Robinson Crusoe ist wahrscheinlich der berühmteste Schiffbrüchige in der Literatur."
vertrieben,displaced,"The conflict produced thousands of displaced persons.","Der Konflikt brachte Tausende von Vertriebenen hervor."
ekstatisch,ecstatically,"The crowd cheered ecstatically when Ed Sheeran appeared.","Die Menge jubelte ekstatisch, als Ed Sheeran erschien."
die Splitterpartei / Fraktion,faction,"The party eventually split into two rival factions.","Die Partei spaltete sich schließlich in zwei rivalisierende Fraktionen."
die Mühsal / das Elend,hardship,"Too many people are living in hardship here.","Zu viele Menschen leben hier im Elend."
der Hit / Schlager,hit,"The video game was a big hit with Luis.","Das Videospiel war ein großer Hit bei Luis."
einen wunden Punkt treffen,to hit a nerve,"You hit a nerve when you told Pedro he needed to study harder.","Du hast einen wunden Punkt getroffen, als du Pedro sagtest, er müsse mehr lernen."
mit wechselndem Erfolg / Glückssache,hit and miss,"The recruitment process is a bit hit and miss.","Der Einstellungsprozess ist ein ziemliches Glücksspiel."
den Nagel auf den Kopf treffen,to hit the nail on the head,"You hit the nail on the head there.","Da hast du den Nagel auf den Kopf getroffen."
den richtigen Ton treffen,to hit the right note,"The best man managed to hit the right note in his speech.","Dem Trauzeugen gelang es, in seiner Rede den richtigen Ton zu treffen."
einflößen / einimpfen,to instil,"I did try and instil a bit of discipline into him.","Ich habe versucht, ihm ein wenig Disziplin einzuflößen."
sein Leben aufs Spiel setzen,to put your life on the line,"Marley put his life on the line for justice.","Marley setzte sein Leben für die Gerechtigkeit aufs Spiel."
der/die Retter/-in,saviour,"In many developing countries, Marley is seen as a saviour.","In vielen Entwicklungsländern wird Marley als ein Retter angesehen."
einen schweren Schlag bekommen,to take a hit,"They took a big hit when the stock market crashed.","Sie mussten einen schweren Schlag hinnehmen, als der Aktienmarkt zusammenbrach."
der Discjockey,disc jockey,"He'd always wanted to be a disc jockey.","Er wollte schon immer ein Discjockey sein."
verschmelzen / fusionieren,to fuse,"The show fuses storytelling with folk music and humour.","Die Show verschmilzt Geschichtenerzählen mit Volksmusik und Humor."
auf der faulen Haut liegen,to laze around,"I was supposed to be revising but just lazed around for a few weeks.","Ich sollte eigentlich lernen, lag aber nur ein paar Wochen auf der faulen Haut."
durchstechen / durchdringen,to pierce,"The intensity of the emotion pierces the listener's body like a knife.","Die Intensität der Emotion durchdringt den Körper des Zuhörers wie ein Messer."
wiedererlangen,to regain,"The important thing is to rest and regain your health.","Das Wichtigste ist, sich auszuruhen und die Gesundheit wiederzuerlangen."
der/die Gangster/-in,gangster,"Al Capone was a famous American gangster.","Al Capone war ein berühmter amerikanischer Gangster."
unterdrückt,oppressed,"We felt oppressed and unwanted.","Wir fühlten uns unterdrückt und unerwünscht."
das Privileg / Sonderrecht,privilege,"It was a privilege to be invited to a garden party.","Es war ein Privileg, zu einer Gartenparty eingeladen zu werden."
die Lumpen,rags,"He never bathed and dressed in rags.","Er badete nie und kleidete sich in Lumpen."
der Trost,solace,"She took solace in the fact that she would see her children again.","Sie fand Trost in der Tatsache, dass sie ihre Kinder wiedersehen würde."
die Drangsal / das Leid,tribulations,"Life in the navy had its tribulations now and again.","Das Leben in der Marine brachte hin und wieder Leid mit sich."
die Windhose / der Wirbelsturm,cyclone,"The islands are occasionally hit by cyclones.","Die Inseln werden gelegentlich von Wirbelstürmen heimgesucht."
die Hungersnot,famine,"The district suffered a severe famine in 1770.","Der Bezirk erlitt 1770 eine schwere Hungersnot."
Neue Wörter,New words,"Example sentence here","Translation here"
der Hinweis,clue,"She gave me some clues about what my present was going to be.","Sie gab mir einige Hinweise, was mein Geschenk sein würde."
rückschließen / herleiten,to deduce,"We can deduce that these were monuments of great social significance.","Wir können daraus schließen, dass dies Denkmäler von großer sozialer Bedeutung waren."
die Tonwaren / das Steinzeug,pottery,"Some of the pieces of pottery they found were over 1,000 years old.","Einige der gefundenen Tonwaren waren über 1.000 Jahre alt."
zielen auf,to aim,"The films are aimed at a middle-class audience.","Die Filme zielen auf ein bürgerliches Publikum ab."
genehmigen / gutheißen,to approve,"My dad didn't approve of our marriage.","Mein Vater hieß unsere Ehe nicht gut."
glauben an,to believe,"My father never believed in me.","Mein Vater hat nie an mich geglaubt."
profitieren,to benefit,"The garden benefits from sunshine most of the afternoon.","Der Garten profitiert den größten Teil des Nachmittags vom Sonnenschein."
das Internat,boarding school,"She went to boarding school from the age of 12.","Sie ging ab dem 12. Lebensjahr auf ein Internat."
ansprechend / fesselnd,engaging,"Her lessons were always very engaging.","Ihr Unterricht war immer sehr ansprechend."
die Ewigkeit,eternity,"Do you want to live for eternity?","Willst du für die Ewigkeit leben?"
sich konzentrieren,to focus,"You need to focus more on your school work.","Du musst dich mehr auf deine Schularbeit konzentrieren."
der Mainstream / die Hauptrichtung,mainstream,"Hip hop has become increasingly mainstream.","Hip-Hop ist zunehmend Mainstream geworden."
teilnehmen,to participate,"We try and encourage more people to participate in the arts.","Wir versuchen, mehr Menschen zur Teilnahme an den Künsten zu ermutigen."
schmachten / sich sehnen,to pine,"Her dog spent months pining for her after she died.","Ihr Hund sehnte sich nach ihrem Tod monatelang nach ihr."
vorbereiten,to prepare,"I have to prepare a talk for class tomorrow.","Ich muss einen Vortrag für den Unterricht morgen vorbereiten."
reflektieren / nachdenken,to reflect,"As I reflected on my actions, I had to accept that they were wrong.","Als ich über meine Handlungen nachdachte, musste ich akzeptieren, dass sie falsch waren."
eine Beziehung haben / nachempfinden,to relate,"It's difficult to relate to my uncle.","Es ist schwierig, einen Draht zu meinem Onkel zu finden."
zurückschrecken,to shrink,"Don't shrink from new experiences.","Schreck nicht vor neuen Erfahrungen zurück."
leiden,to suffer,"Ruth has always suffered from headaches.","Ruth hat schon immer unter Kopfschmerzen gelitten."
warten,to wait,"I've been waiting for your letter.","Ich habe auf deinen Brief gewartet."
beschuldigen,to accuse,"She was accused of fraud.","Sie wurde des Betrugs beschuldigt."
freisprechen,to acquit,"She was acquitted of all the charges against her.","Sie wurde von allen gegen sie erhobenen Anklagepunkten freigesprochen."
amputieren,to amputate,"His other leg was amputated seven years ago.","Sein anderes Bein wurde vor sieben Jahren amputiert."
der Angriff / Übergriff,assault,"Violent crimes such as murder and assault.","Gewaltverbrechen wie Mord und Körperverletzung."
angenommen (dass),assuming,"Assuming we're all ready, we can leave now.","Angenommen, wir sind alle bereit, können wir jetzt gehen."
der Einbruch,burglary,"There have been a lot of burglaries in the area.","Es gab viele Einbrüche in der Gegend."
anklagen / beschuldigen,to charge,"He was arrested and charged with murder.","Er wurde verhaftet und wegen Mordes angeklagt."
begangen,committed,"If you don't want to go to prison, don't commit a crime.","Wenn du nicht ins Gefängnis willst, begehe kein Verbrechen."
die Verurteilung,conviction,"She had two previous convictions.","Sie hatte zwei Vorstrafen."
gefährliche Fahrweise,dangerous driving,"He denies speeding and dangerous driving.","Er bestreitet Geschwindigkeitsüberschreitung und gefährliche Fahrweise."
die Täuschung / der Schwindel,deception,"When his deception was discovered, Graham was fired.","Als seine Täuschung entdeckt wurde, wurde Graham gefeuert."
der Betrug,fraud,"He was sent to prison for tax fraud.","Er wurde wegen Steuerbetrugs ins Gefängnis geschickt."
angesichts,given,"She did really well given the circumstances.","Angesichts der Umstände hat sie sich wirklich gut geschlagen."
vor Gericht stehen,to go on trial,"He's due to go on trial at the end of next week.","Er soll Ende nächster Woche vor Gericht stehen."
das Getreide,grain,"We feed our chickens grain.","Wir füttern unsere Hühner mit Getreide."
der Drogenbesitz,possession of drugs,"He spent a year in prison after being convicted of possession of drugs.","Er verbrachte ein Jahr im Gefängnis, nachdem er wegen Drogenbesitzes verurteilt worden war."
behaupten / bekennen,to profess,"She professes to have a certificate in translation studies.","Sie behauptet, ein Zertifikat in Übersetzungswissenschaften zu haben."
sofern / vorausgesetzt,provided,"Provided that we receive the money tomorrow...","Vorausgesetzt, wir erhalten das Geld morgen..."
das Spiel ist aus,the game is up,"As soon as he saw her face he realised the game was up.","Sobald er ihr Gesicht sah, erkannte er, dass das Spiel aus war."
der Diebstahl,theft,"He was found guilty of theft.","Er wurde des Diebstahls schuldig befunden."
das unbefugte Betreten,trespassing,"The official charge was trespassing on military property.","Die offizielle Anklage lautete auf unbefugtes Betreten von Militärgelände."
der Vandalismus,vandalism,"The house had been damaged by vandalism.","Das Haus war durch Vandalismus beschädigt worden."
einwandfrei / legal,above board,"Are you sure the plan is completely above board?","Bist du sicher, dass der Plan völlig einwandfrei ist?"
durch die Bank / pauschal,across the board,"The tax increases will be applied across the board.","Die Steuererhöhungen werden pauschal angewendet."
wieder von vorn anfangen,back to the drawing board,"It's back to the drawing board.","Wir müssen wieder von vorn anfangen."
der Brocken / das Stück,chunk,"Cut the beef into 2cm chunks.","Schneide das Rindfleisch in 2 cm große Stücke."
erlesen / exquisit,exquisite,"An exquisite diamond necklace.","Eine exquisite Diamantkette."
der Edelstein,gem,"The box contained gold coins and several valuable gems.","Die Kiste enthielt Goldmünzen und mehrere wertvolle Edelsteine."
übertreiben / zu weit gehen,to go overboard,"Get a few snacks for the party, but don't go overboard.","Besorg ein paar Snacks für die Party, aber übertreib es nicht."
unwirtlich,inhospitable,"An inhospitable desert.","Eine unwirtliche Wüste."
an Bord,on board,"There were over a thousand passengers on board.","Es waren über tausend Passagiere an Bord."
widerstehen,to resist,"The bank has resisted increasing its charges.","Die Bank hat sich dagegen gewehrt, ihre Gebühren zu erhöhen."
verstreuen,to scatter,"My family are scattered across three different continents.","Meine Familie ist über drei verschiedene Kontinente verstreut."
das Gewürz,spice,"Add some spices to the dish.","Füge dem Gericht einige Gewürze hinzu."
atemberaubend / umwerfend,staggering,"The amount of data on the Internet is quite staggering.","Die Datenmenge im Internet ist ziemlich atemberaubend."
annehmen / berücksichtigen,to take on board,"We took his comments on board and revised the report.","Wir haben seine Kommentare berücksichtigt und den Bericht überarbeitet."
die Gezeiten,tide,"At low tide you have to walk 200 metres to reach the water.","Bei Ebbe muss man 200 Meter laufen, um das Wasser zu erreichen."
die Asche,ash,"Don't put hot ashes in the dustbin.","Gib keine heiße Asche in die Mülltonne."
die Dürre,drought,"Drought caused the annual rice harvest to fail.","Dürre führte zum Ausfall der jährlichen Reisernte."
ausbrechen,to erupt,"The volcano erupted three times between 1988 and 1995.","Der Vulkan brach zwischen 1988 und 1995 dreimal aus."
etw. klarstellen,to get something straight,"Let me get this straight.","Lass mich das klarstellen."
durchgehen,to go over,"Could you go over that again?","Könntest du das noch einmal durchgehen?"
die Meerenge,strait,"There's a strong current in the strait.","Es gibt eine starke Strömung in der Meerenge."
die Auktion,auction,"The contents of the house were sold at public auction.","Der Inhalt des Hauses wurde auf einer öffentlichen Auktion verkauft."
bieten,to bid,"I bid £20 for it on eBay and won.","Ich habe bei eBay 20 Pfund dafür geboten und gewonnen."
die Sorte / Art,breed,"He was one of a new breed of musicians.","Er war eine neue Art von Musiker."
das Herrschergeschlecht / die Dynastie,dynasty,"The royal dynasty ruled for over 600 years.","Die königliche Dynastie herrschte über 600 Jahre lang."
zurückführen,to repatriate,"The statues were repatriated.","Die Statuen wurden zurückgeführt."
einen Rekord brechen / schlagen,to smash a record,"She didn't just break the record, she absolutely smashed it.","Sie hat den Rekord nicht nur gebrochen, sie hat ihn pulverisiert."
in die Höhe schnellen,to soar,"Property prices in London have soared.","Immobilienpreise in London sind in die Höhe geschnellt."
die Lebenserwartung,life expectancy,"Life expectancy in the UK for women is now over 82 years.","Die Lebenserwartung für Frauen in Großbritannien liegt jetzt über 82 Jahren."
der Metalldetektor,metal detector,"Visitors to the prison have to pass through a metal detector.","Besucher des Gefängnisses müssen durch einen Metalldetektor gehen."
eng verbunden,close-knit,"He grew up in a very close-knit community.","Er wuchs in einer sehr eng verbundenen Gemeinschaft auf."
tief verwurzelt,deep-rooted,"She had a deep-rooted dislike of classical music.","Sie hatte eine tief verwurzelte Abneigung gegen klassische Musik."
die Großfamilie,extended family,"She got lots of support from her extended family.","Sie bekam viel Unterstützung von ihrer Großfamilie."
die Harmonie,harmony,"We need to learn to live in harmony.","Wir müssen lernen, in Harmonie zu leben."
langjährig,long-standing,"A long-standing friendship that began when we were in primary school.","Eine langjährige Freundschaft, die begann, als wir in der Grundschule waren."
warnen / alarmieren,to alert,"This will alert farmers to any emergency.","Dies wird Landwirte vor jedem Notfall warnen."
seinen Teil beitragen,to do your bit,"I want to do my bit for the village.","Ich möchte meinen Teil für das Dorf beitragen."
fruchtbar,fertile,"The females are fertile for only a short time every year.","Die Weibchen sind nur für kurze Zeit im Jahr fruchtbar."
der Lebensraum,habitat,"We need to do more to protect their natural habitat.","Wir müssen mehr tun, um ihren natürlichen Lebensraum zu schützen."
mitreden,to have a say,"I want to have a say in your decision.","Ich möchte bei deiner Entscheidung mitreden."
jdm. helfen / zur Hand gehen,to lend a hand,"She lent a hand when we were moving into the new house.","Sie ging uns zur Hand, als wir in das neue Haus zogen."
mobilisieren / aufbieten,to mobilize,"There's no time to wait, we need to mobilize now.","Es gibt keine Zeit zu warten, wir müssen jetzt mobilisieren."
eine Rolle spielen / sich einbringen,to play a part,"Religion plays a part in American elections.","Religion spielt bei amerikanischen Wahlen eine Rolle."
Besorgnis zeigen / Bedenken anmelden,to show concern,"He showed concern when he heard my mother was ill.","Er zeigte Besorgnis, als er hörte, dass meine Mutter krank war."
Verantwortung übernehmen,to take responsibility,"You need to take responsibility for your own actions.","Du musst Verantwortung für deine eigenen Handlungen übernehmen."
die Spur,trail,"Police used dogs to follow the trail.","Die Polizei setzte Hunde ein, um der Spur zu folgen."
konkurrenzlos,unrivalled,"The quality of the food here is unrivalled.","Die Qualität des Essens hier ist konkurrenzlos."
Neue Wörter,New words,"Example sentence here","Translation here"
zufrieden,content,"He was quite content living in Cornwall.","Er war recht zufrieden, in Cornwall zu leben."
böse / verärgert,cross,"I was really cross when I found out they'd left without me.","Ich war wirklich böse, als ich herausfand, dass sie ohne mich gegangen waren."
wachrufen / hervorrufen,to evoke,"The music evoked a mood of great optimism.","Die Musik rief eine Stimmung großen Optimismus hervor."
wütend,livid,"My mother was livid when she found out.","Meine Mutter war wütend, als sie es herausfand."
reinhauen / es in sich haben,to pack a punch,"The last verse of the song packs quite a punch.","Die letzte Strophe des Liedes hat es ganz schön in sich."
starr vor Angst,petrified,"I was petrified that I'd fall off the roof.","Ich war starr vor Angst, dass ich vom Dach fallen würde."
aus der Fassung gebracht / verblüfft,taken aback,"He was a bit taken aback when I told him I was a policeman.","Er war etwas verblüfft, als ich ihm sagte, dass ich Polizist bin."
niedergeschlagen,a bit down,"He looked a bit down so we took him to a restaurant.","Er sah etwas niedergeschlagen aus, also nahmen wir ihn mit in ein Restaurant."
durcheinander / chaotisch,all over the place,"My emotions were all over the place.","Meine Gefühle waren völlig durcheinander."
erledigt / fix und fertig,done in,"After eight hours of gardening he was totally done in.","Nach acht Stunden Gartenarbeit war er total erledigt."
düster / bedrückt,gloomy,"The future for the school looked gloomy.","Die Zukunft für die Schule sah düster aus."
das Bauchgefühl,gut feeling,"Always go with your gut feeling as a parent.","Hör als Elternteil immer auf dein Bauchgefühl."
für einen Moment,momentarily,"He lost consciousness momentarily.","Er verlor für einen Moment das Bewusstsein."
quälend / nagend,nagging,"She developed a nagging cough.","Sie entwickelte einen quälenden Husten."
angespannt / nervös,on edge,"I was on edge all morning before the exam.","Ich war den ganzen Morgen vor der Prüfung angespannt."
etw. mitkriegen / bemerken,to pick up on,"The audience picked up on what he was trying to say.","Das Publikum bekam mit, was er zu sagen versuchte."
reiben,to rub,"Alice yawned and rubbed her eyes.","Alice gähnte und rieb sich die Augen."
sprachlos,speechless,"The news left him speechless.","Die Nachricht machte ihn sprachlos."
völlig aus dem Häuschen / überglücklich,thrilled to bits,"She was thrilled to bits when they told her she'd got the job.","Sie war völlig aus dem Häuschen, als sie ihr sagten, sie hätte den Job."
euphorisch / optimistisch,upbeat,"Being upbeat and optimistic really aids recovery.","Euphorisch und optimistisch zu sein hilft wirklich bei der Genesung."
verschwinden,to vanish,"The boat had vanished without trace.","Das Boot war spurlos verschwunden."
deutlich sprechen / aussprechen,to articulate,"She had difficulty articulating her inner feelings.","Sie hatte Schwierigkeiten, ihre inneren Gefühle auszusprechen."
artikuliert / wortgewandt,articulate,"He delivered a fascinating and articulate speech.","Er hielt eine faszinierende und wortgewandte Rede."
leer / unbeschrieben,blank,"A blank piece of paper.","Ein leeres Blatt Papier."
absichtlich,deliberate,"A deliberate mistake.","Ein absichtlicher Fehler."
beratschlagen,to deliberate,"The jury deliberated for six hours before deciding he was guilty.","Die Jury beratschlagte sechs Stunden lang, bevor sie entschied, dass er schuldig war."
das Dilemma / die Zwickmühle,dilemma,"I'm in a dilemma about which university to choose.","Ich stecke in einem Dilemma, welche Universität ich wählen soll."
das Duplikat / die Kopie,duplicate (noun/adj),"My neighbour has a duplicate key in case I lose mine.","Mein Nachbar hat einen Zweitschlüssel, falls ich meinen verliere."
vervielfältigen / duplizieren,to duplicate (verb),"Other scientists have yet to duplicate the results.","Andere Wissenschaftler müssen die Ergebnisse noch duplizieren."
näher ausführen / erläutern,to elaborate,"I'll elaborate on this idea in the next lecture.","Ich werde diese Idee in der nächsten Vorlesung näher erläutern."
aufwändig / durchdacht,elaborate (adj),"They served a very elaborate meal that went on for three hours.","Sie servierten ein sehr aufwändiges Essen, das drei Stunden dauerte."
das Lotteriespiel / Wagnis,gamble,"Calling an early election was a huge political gamble.","Neuwahlen auszurufen war ein riesiges politisches Wagnis."
unvollkommen,imperfect,"We live in an imperfect world.","Wir leben in einer unvollkommenen Welt."
intuitiv,intuitive,"The program is very intuitive.","Das Programm ist sehr intuitiv."
plausibel,plausible,"I couldn't think of a plausible explanation for the incident.","Mir fiel keine plausible Erklärung für den Vorfall ein."
trennen,to separate,"We need to separate the truth from the lies.","Wir müssen die Wahrheit von den Lügen trennen."
getrennt,separate (adj),"The two groups were completely separate.","Die beiden Gruppen waren völlig getrennt."
nicht mehr feierlich / geht zu weit,beyond a joke,"The amount of spam in my inbox is beyond a joke.","Die Menge an Spam in meinem Posteingang ist nicht mehr feierlich."
zweifelsohne,beyond doubt,"His loyalty to the government is beyond doubt.","Seine Loyalität zur Regierung steht zweifelsohne fest."
mir unbegreiflich,beyond me,"Why so many Americans want to have guns is beyond me.","Warum so viele Amerikaner Waffen haben wollen, ist mir unbegreiflich."
bis zur Unkenntlichkeit,beyond recognition,"Most of the victims were burned beyond recognition.","Die meisten Opfer waren bis zur Unkenntlichkeit verbrannt."
die Mittel übersteigend / über seine Verhältnisse,beyond someone's means,"You need to change your lifestyle as you're obviously living beyond your means.","Du musst deinen Lebensstil ändern, da du offensichtlich über deine Verhältnisse lebst."
mehr als seine Pflicht tun,beyond the call of duty,"He went far beyond the call of duty to ensure the project finished on time.","Er tat weit mehr als seine Pflicht, um sicherzustellen, dass das Projekt pünktlich fertig wurde."
absonderlich / bizarr,bizarre,"The idea of eating a chocolate ant sounds bizarre.","Die Idee, eine Schokoladenameise zu essen, klingt bizarr."
gemacht / gefertigt (-crafted),-crafted,"A beautifully-crafted flower arrangement.","Ein wunderschön gefertigtes Blumenarrangement."
etw. nicht erreichen / hinter den Erwartungen zurückbleiben,to fall short,"The report fell short of our expectations.","Der Bericht blieb hinter unseren Erwartungen zurück."
einförmig / monoton,monotonous,"She felt her daily life had become monotonous.","Sie hatte das Gefühl, ihr tägliches Leben sei eintönig geworden."
überholt / veraltet,obsolete,"Very soon, credit cards will be obsolete technology.","Sehr bald werden Kreditkarten eine veraltete Technologie sein."
die Meinung,opinion,"In my opinion, we should sell the company.","Meiner Meinung nach sollten wir die Firma verkaufen."
die Feinheit,subtlety,"It was easy to miss the subtleties in her speech.","Es war leicht, die Feinheiten in ihrer Rede zu übersehen."
riskieren / wagen (Meinung),to venture,"She ventured a mild criticism of the chairman.","Sie wagte eine leichte Kritik am Vorsitzenden."
schroff / abrupt,abrupt,"Sorry, that probably sounded a bit abrupt.","Entschuldigung, das klang wahrscheinlich etwas schroff."
abgelenkt,distracted,"She seemed a little distracted during the meal.","Sie wirkte während des Essens etwas abgelenkt."
zurückhaltend / vorsichtig,guarded,"His reaction was a very guarded welcome.","Seine Reaktion war eine sehr zurückhaltende Begrüßung."
verletzen / kränken,to offend,"Sorry, I didn't mean to offend you.","Entschuldigung, ich wollte dich nicht kränken."
verblüfft / verwirrt,puzzled,"People were puzzled when I said I lived in a basement flat.","Die Leute waren verblüfft, als ich sagte, dass ich in einer Kellerwohnung lebe."
sachlich / auf den Punkt,to the point,"His response was quick and to the point.","Seine Antwort war schnell und auf den Punkt."
die Geste,gesture,"The waiter didn't speak English so we used hand gestures.","Der Kellner sprach kein Englisch, also benutzten wir Handgesten."
die Prämisse / Voraussetzung,premise,"The basic premise of the book was just wrong.","Die Grundprämisse des Buches war einfach falsch."
die Feineinstellung / Optimierung,tweak,"With a few tweaks here and there your essay should get a very good mark.","Mit ein paar Optimierungen hier und da sollte dein Aufsatz eine sehr gute Note bekommen."
der Schandfleck,blot,"The old mine is a blot on the landscape.","Die alte Mine ist ein Schandfleck in der Landschaft."
die Kohle,coal,"We used to produce a lot of coal in Wales.","Wir haben früher viel Kohle in Wales produziert."
die Düne,dune,"There were sand dunes on the edge of the beach.","Am Rande des Strandes gab es Sanddünen."
üppig bewachsen,lush,"We found ourselves in a lush, green valley.","Wir fanden uns in einem üppig bewachsenen, grünen Tal wieder."
zerklüftet / schroff,rugged,"The route included a section of very steep terrain.","Die Route beinhaltete einen Abschnitt mit sehr steilem Gelände."
das Ausmaß,scale,"The scale of the problem was frightening.","Das Ausmaß des Problems war beängstigend."
schneebedeckt,snow-capped,"In the distance we could see the snow-capped mountains.","In der Ferne konnten wir die schneebedeckten Berge sehen."
karg / spärlich,sparse,"A large country with a relatively sparse population.","Ein großes Land mit einer relativ spärlichen Bevölkerung."
das Gelände,terrain,"These boots are good for walking over rough terrain.","Diese Stiefel eignen sich gut zum Gehen in unwegsamem Gelände."
die Vegetation,vegetation,"Most of the island is covered in vegetation.","Der größte Teil der Insel ist mit Vegetation bedeckt."
aktiv,active,"She stayed active well into her eighties.","Sie blieb bis weit in ihre Achtziger aktiv."
fortschrittlich,advanced,"The industrially advanced nations of the north.","Die industriell fortschrittlichen Nationen des Nordens."
das Aerosol / Spraydose,aerosol,"Don't leave aerosol containers near the cooker.","Lassen Sie Spraydosen nicht in der Nähe des Herdes liegen."
stümperhaft / amateurhaft,amateurish,"Spelling mistakes in the article make the whole magazine look amateurish.","Rechtschreibfehler im Artikel lassen das ganze Magazin stümperhaft wirken."
entsetzlich,appalling,"Children were forced to work in appalling conditions.","Kinder wurden gezwungen, unter entsetzlichen Bedingungen zu arbeiten."
sich etw. bewusst sein,aware,"I wasn't aware that she was back in London.","Ich war mir nicht bewusst, dass sie wieder in London war."
kulturell,culturally,"A culturally significant exhibition.","Eine kulturell bedeutende Ausstellung."
wirtschaftlich,economically,"The village has suffered economically since the factory closed down.","Das Dorf hat wirtschaftlich gelitten, seit die Fabrik geschlossen wurde."
umweltfreundlich,environmentally-friendly,"Please use environmentally-friendly soap and shampoo.","Bitte verwenden Sie umweltfreundliche Seife und Shampoo."
ethnisch,ethnically,"London is an ethnically exciting city.","London ist eine ethnisch aufregende Stadt."
berühmt,famous,"Messi is the most famous footballer in the world.","Messi ist der berühmteste Fußballer der Welt."
geographisch,geographically,"Armenia is geographically located within Western Asia.","Armenien liegt geographisch in Westasien."
die Halbkugel,hemisphere,"It's spring now in the northern hemisphere.","Auf der nördlichen Halbkugel ist jetzt Frühling."
homogen / gleichartig,homogenous,"Anyone can tell you that Singapore is not a homogenous society.","Jeder kann dir sagen, dass Singapur keine homogene Gesellschaft ist."
industriell,industrially,"Cheap, industrially produced consumer goods.","Billige, industriell hergestellte Konsumgüter."
intellektuell,intellectually,"Her poems are intellectually very satisfying.","Ihre Gedichte sind intellektuell sehr befriedigend."
international,internationally,"The company sells its products both at home and internationally.","Das Unternehmen verkauft seine Produkte sowohl im Inland als auch international."
gebildet / des Lesens und Schreibens kundig,literate,"In 1600, very few ordinary people were literate.","Im Jahr 1600 waren nur sehr wenige gewöhnliche Menschen des Lesens und Schreibens kundig."
musikalisch,musically,"Musically, the two operas have a lot in common.","Musikalisch haben die beiden Opern viel gemeinsam."
körperlich,physically,"You need to be physically fit to do this job.","Du musst körperlich fit sein, um diesen Job zu machen."
politisch,politically,"She came from a politically influential family.","Sie stammte aus einer politisch einflussreichen Familie."
politisch korrekt,politically correct,"I'd say he was mad, but that wouldn't be politically correct.","Ich würde sagen, er war verrückt, aber das wäre nicht politisch korrekt."
abgelegen,remote,"He comes from a remote town in Australia.","Er kommt aus einer abgelegenen Stadt in Australien."
üppig / voller ... sein / reich an,rich,"This area is rich in wildlife.","Dieses Gebiet ist reich an Wildtieren."
schlafen(d),asleep,"Don't wake the baby – he's asleep.","Weck das Baby nicht auf – er schläft."
schwarz,black,"A black car was parked outside.","Ein schwarzes Auto parkte draußen."
der Star / die Prominenz,celebrity,"He didn't want his celebrity to change the way he lived.","Er wollte nicht, dass seine Prominenz seine Lebensweise verändert."
deutlich / klar,clear,"A beautiful autumn day with clear skies.","Ein schöner Herbsttag mit klarem Himmel."
kalt,cold,"If you're cold, put your coat on.","Wenn dir kalt ist, zieh deinen Mantel an."
trocken,dry,"Tomorrow is expected to be sunny and dry.","Morgen soll es sonnig und trocken werden."
die Existenz,existence,"She simply ignored my existence.","Sie ignorierte einfach meine Existenz."
hart,hard,"I didn't want to go to sleep on the hard, wooden floor.","Ich wollte nicht auf dem harten Holzboden schlafen."
neu,new,"I need a new suit for work.","Ich brauche einen neuen Anzug für die Arbeit."
offen,open,"The envelope was already open when it was delivered.","Der Umschlag war bereits offen, als er zugestellt wurde."
überwuchert,overgrown,"The path was overgrown and difficult to follow.","Der Pfad war überwuchert und schwer zu folgen."
tiefsinnig / bedeutend,profound,"This simple idea has profound evolutionary implications.","Diese einfache Idee hat tiefgreifende evolutionäre Auswirkungen."
schnell,quick,"We got a very quick response from our MP.","Wir bekamen eine sehr schnelle Antwort von unserem Abgeordneten."
erschrocken / ängstlich,scared,"I thought I heard someone downstairs and got really scared.","Ich dachte, ich hätte jemanden unten gehört, und bekam wirklich Angst."
das Spray,spray,"Don't forget to use the shower curtain, otherwise the spray will soak the floor.","Vergiss nicht, den Duschvorhang zu benutzen, sonst durchnässt das Spray den Boden."
nass,wet,"Careful – the floor's wet.","Vorsicht – der Boden ist nass."
besorgt,worried,"I'm worried about my exams.","Ich bin besorgt wegen meiner Prüfungen."
die Gasse,alley,"I didn't like walking down that dark alley alone at night.","Ich mochte es nicht, nachts allein durch diese dunkle Gasse zu gehen."
das Wildschwein,boar,"The boar turned and ran away when he saw us.","Das Wildschwein drehte sich um und rannte weg, als es uns sah."
gewagt / kühn / frech,bold,"It was very bold of him to ask for another pay rise.","Es war sehr kühn von ihm, nach einer weiteren Gehaltserhöhung zu fragen."
der Kojote,coyote,"Small to medium size mammals such as rabbits and coyotes.","Kleine bis mittelgroße Säugetiere wie Kaninchen und Kojoten."
ausrangiert / weggeworfen,discarded,"The oceans now have a huge amount of discarded plastic in them.","In den Ozeanen befindet sich mittlerweile eine riesige Menge an weggeworfenem Plastik."
die Ausrottung / das Aussterben,extinction,"Efforts to save the species from extinction.","Bemühungen, die Art vor dem Aussterben zu retten."
der Falke,falcon,"The Peregrine is a large and powerful falcon.","Der Wanderfalke ist ein großer und mächtiger Falke."
Mach voran! / sich beeilen,to get a move on,"If we get a move on we can still catch the early train.","Wenn wir uns beeilen, können wir noch den frühen Zug erwischen."
etw. bewegen (Gegenstand),to move (object),"Can you move your briefcase away from the door.","Kannst du deine Aktentasche von der Tür wegbewegen."
etw. bewegen (emotional),to move (emotion),"The song moved her to tears.","Das Lied rührte sie zu Tränen."
einziehen,to move in,"Our new neighbours moved in last week.","Unsere neuen Nachbarn sind letzte Woche eingezogen."
wegfahren / losfahren,to move off,"Make sure you indicate and look behind you before you move off.","Vergewissere dich, dass du blinkst und nach hinten schaust, bevor du losfährst."
wieder zu etw. übergehen / weitermachen,to move on,"Sometimes, it's better to admit you were wrong and then just move on.","Manchmal ist es besser zuzugeben, dass man falsch lag, und dann einfach weiterzumachen."
ausziehen,to move out,"We thought we'd rented a flat, but the previous tenant refused to move out.","Wir dachten, wir hätten eine Wohnung gemietet, aber der Vormieter weigerte sich auszuziehen."
hinüberrutschen / Platz machen,to move over,"Could you move over so I can sit down please?","Könntest du rüberrutschen, damit ich mich hinsetzen kann, bitte?"
herabstoßen,to swoop,"The eagle swooped down towards the goat.","Der Adler stieß auf die Ziege herab."
schüchtern / zaghaft,timid,"The cat was so timid it ran into the garden every time visitors came.","Die Katze war so scheu, dass sie jedes Mal in den Garten rannte, wenn Besucher kamen."
auf Zehenspitzen gehen,to tiptoe,"I tiptoed to the top of the stairs.","Ich ging auf Zehenspitzen zum oberen Ende der Treppe."
diskriminieren,to discriminate,"It's illegal to discriminate against people because of their religious beliefs.","Es ist illegal, Menschen wegen ihres religiösen Glaubens zu diskriminieren."
ausgenommen / befreit,exempted,"Farmers are exempted from inheritance tax.","Landwirte sind von der Erbschaftssteuer befreit."
der Einwand,objection,"Despite our objections, the chairman went ahead with the plan.","Trotz unserer Einwände setzte der Vorsitzende den Plan fort."
das Randgebiet / der Stadtrand,outskirts,"It was dark when we reached the outskirts of Edinburgh.","Es war dunkel, als wir den Stadtrand von Edinburgh erreichten."
versiegelt / verschlossen,sealed,"The money was kept in a sealed envelope.","Das Geld wurde in einem versiegelten Umschlag aufbewahrt."
der Wille,will,"She'd always had a strong will.","Sie hatte schon immer einen starken Willen."
verflucht,cursed,"I think we must be cursed.","Ich glaube, wir müssen verflucht sein."
diktieren / vorschreiben,to dictate,"The weather tends to dictate my moods.","Das Wetter bestimmt tendenziell meine Laune."
auf wundersame Weise,miraculously,"He miraculously survived by holding onto a tree.","Er überlebte wie durch ein Wunder, indem er sich an einem Baum festhielt."
der Umfang / Rahmen,scope,"A detailed account of the events is outside the scope of this article.","Eine detaillierte Darstellung der Ereignisse sprengt den Rahmen dieses Artikels."
die Jacht,yacht,"A luxury yacht can cost millions of pounds.","Eine Luxusjacht kann Millionen von Pfund kosten."